uid,votetrump,famincr,ideo,pid7na,bornagain,religimp,churchatd,prayerfreq,angryracism,whiteadv,fearraces,racerare,lrelig,lcograc,lemprac
26,1,4,4,6,1,3,4,7,2,5,1,4,0.29541223139461764,1.3010795133602184,-0.138714742127817
43,0,4,1,1,0,2,1,2,1,2,2,2,-0.649736249772667,-0.11881161756623469,-0.21456318441150887
72,0,8,1,3,0,1,1,1,3,1,2,1,-1.584899964827102,-1.204084686093323,0.41619695773708365
73,1,3,5,5,0,4,5,7,1,5,1,3,1.1710973279945556,0.9000377577600748,-0.6194269716205983
82,0,5,1,1,0,3,3,3,1,1,4,4,-0.01175096489321396,0.22698873787419577,0.27178882756754197
85,0,4,1,1,0,4,3,6,1,2,2,2,0.5965038179808805,-0.11881161756623469,-0.21456318441150887
90,0,3,3,3,0,1,3,2,2,2,1,3,-0.8597065631624138,0.2410719755829464,-0.138714742127817
92,1,8,4,7,1,4,2,7,3,4,3,2,0.7460889643831501,0.3012782263605131,0.7003136334555536
93,0,4,2,1,0,1,1,1,1,2,2,2,-1.584899964827102,-0.11881161756623469,-0.21456318441150887
95,1,9,3,7,0,3,2,3,3,5,1,4,-0.10051965377540337,1.3010795133602184,0.07016563578523916
96,0,4,3,2,0,1,2,2,2,2,3,2,-0.9244283593455365,-0.11881161756623469,0.4679751586170238
98,0,9,3,1,0,4,2,5,1,2,1,1,0.4187504168179147,-0.643632269514061,-0.6194269716205983
104,0,4,2,1,0,2,2,1,1,1,2,1,-0.6379528989777166,-1.204084686093323,-0.21456318441150887
105,0,4,1,1,0,1,1,1,1,1,1,1,-1.584899964827102,-1.204084686093323,-0.6194269716205983
108,0,4,3,4,1,4,3,7,1,1,1,1,0.834777050820967,-1.204084686093323,-0.6194269716205983
119,0,2,2,2,0,1,1,1,1,2,3,2,-1.584899964827102,-0.11881161756623469,0.052227512737282766
124,1,8,4,6,1,4,6,7,3,5,3,5,1.6966135178966604,1.8412257065152642,0.7003136334555536
128,1,6,4,5,1,4,6,7,3,5,4,5,1.6966135178966604,1.8412257065152642,0.9671601641532525
149,1,8,4,5,0,2,2,2,2,4,2,1,-0.5414731491146806,-0.18568175463072376,0.20409480479440348
151,0,2,3,2,1,4,6,7,1,1,2,1,1.6966135178966604,-1.204084686093323,-0.21456318441150887
155,0,4,1,1,1,4,3,7,1,2,1,1,0.834777050820967,-0.643632269514061,-0.6194269716205983
160,1,8,3,4,0,2,2,2,3,5,2,1,-0.5414731491146806,-0.005524360436810266,0.41619695773708365
167,0,9,3,2,0,1,1,1,2,2,1,5,-1.584899964827102,0.8220297889053648,-0.138714742127817
170,0,6,3,1,0,1,1,1,1,1,1,1,-1.584899964827102,-1.204084686093323,-0.6194269716205983
171,0,7,2,1,0,1,1,1,1,1,1,1,-1.584899964827102,-1.204084686093323,-0.6194269716205983
174,0,2,2,1,0,3,3,5,2,2,2,2,0.0693560313642333,-0.11881161756623469,0.20409480479440348
179,0,3,3,2,1,4,4,7,1,2,3,3,0.932332878241983,0.2410719755829464,0.052227512737282766
181,0,5,3,6,1,4,2,7,1,2,2,1,0.7460889643831501,-0.643632269514061,-0.21456318441150887
182,0,6,3,2,1,4,6,7,1,5,2,1,1.6966135178966604,-0.005524360436810266,-0.21456318441150887
187,0,9,3,2,0,3,3,7,1,1,1,2,0.2292131098416408,-0.4551925376850848,-0.6194269716205983
190,0,12,3,5,0,2,4,2,1,2,2,1,-0.44425078098387744,-0.643632269514061,-0.21456318441150887
209,1,7,4,7,0,2,1,2,3,5,1,3,-0.649736249772667,0.9000377577600748,0.07016563578523916
236,1,4,5,4,1,4,5,6,2,3,3,2,0.8063118780148516,0.12553213079247608,0.4679751586170238
240,1,8,3,2,0,4,2,5,3,5,2,2,0.4187504168179147,0.5087615515053516,0.41619695773708365
255,1,8,4,7,1,4,2,6,1,4,3,2,0.5217095254077706,0.3012782263605131,0.052227512737282766
260,0,5,2,1,0,2,2,5,1,2,1,2,-0.4022057731502161,-0.11881161756623469,-0.6194269716205983
265,0,2,3,2,0,3,3,3,2,2,3,2,-0.01175096489321396,-0.11881161756623469,0.4679751586170238
270,1,9,2,2,1,4,2,6,2,5,4,2,0.5217095254077706,0.5087615515053516,0.7028020303636756
273,0,7,2,1,1,4,5,5,1,1,1,1,0.6972726095973313,-1.204084686093323,-0.6194269716205983
275,1,5,5,7,0,4,6,7,1,4,2,4,1.6966135178966604,0.9771959950395975,-0.21456318441150887
283,0,6,5,5,1,4,6,7,3,5,1,4,1.6966135178966604,1.3010795133602184,0.07016563578523916
288,0,4,2,1,0,1,1,2,2,2,2,1,-1.1301748847213864,-0.643632269514061,0.20409480479440348
293,1,11,5,7,0,4,5,7,1,2,3,4,1.1710973279945556,0.5270892828849888,0.052227512737282766
302,0,2,1,3,0,2,1,6,3,5,1,3,-0.4705588784303862,0.9000377577600748,0.07016563578523916
307,1,9,3,5,0,1,3,1,1,5,3,4,-1.0864892342627632,1.3010795133602184,0.052227512737282766
309,0,8,4,1,0,4,3,3,1,5,4,1,0.43245017666040364,-0.005524360436810266,0.27178882756754197
314,0,3,1,1,0,2,2,2,1,1,1,1,-0.5414731491146806,-1.204084686093323,-0.6194269716205983
317,0,10,3,3,0,2,2,2,1,4,1,2,-0.5414731491146806,0.3012782263605131,-0.6194269716205983
320,0,3,4,2,0,4,5,6,1,1,1,1,0.8063118780148516,-1.204084686093323,-0.6194269716205983
322,1,7,4,7,0,3,3,5,2,2,3,2,0.0693560313642333,-0.11881161756623469,0.4679751586170238
324,1,7,3,5,0,4,5,6,2,4,1,4,0.8063118780148516,0.9771959950395975,-0.138714742127817
327,0,6,1,4,0,1,1,1,1,1,2,1,-1.584899964827102,-1.204084686093323,-0.21456318441150887
330,0,5,1,1,0,1,1,1,2,2,1,1,-1.584899964827102,-0.643632269514061,-0.138714742127817
340,0,5,2,1,0,1,1,7,1,1,1,1,-0.945162507290458,-1.204084686093323,-0.6194269716205983
346,0,5,2,3,0,4,6,2,1,1,1,1,0.7910280781377262,-1.204084686093323,-0.6194269716205983
352,0,8,2,1,0,1,1,1,1,1,2,1,-1.584899964827102,-1.204084686093323,-0.21456318441150887
360,0,11,3,4,0,1,3,1,1,2,1,1,-1.0864892342627632,-0.643632269514061,-0.6194269716205983
365,0,9,1,1,0,1,1,1,1,1,1,1,-1.584899964827102,-1.204084686093323,-0.6194269716205983
368,1,11,3,2,0,1,2,2,2,3,2,3,-0.9244283593455365,0.4752937495294623,0.20409480479440348
374,1,7,3,6,0,3,3,5,4,4,4,5,0.0693560313642333,1.3298586245636885,1.1319324779186792
376,1,10,4,7,0,4,4,5,2,4,4,4,0.5730600938704432,0.9771959950395975,0.7028020303636756
384,0,2,2,1,0,3,2,7,1,1,2,1,0.134815827468296,-1.204084686093323,-0.21456318441150887
388,0,9,3,4,1,3,5,6,3,2,1,2,0.258061988018413,-0.11881161756623469,0.07016563578523916
391,1,10,4,6,0,3,1,7,1,2,2,1,0.04907416057739689,-0.643632269514061,-0.21456318441150887
403,0,2,3,1,0,1,1,1,3,1,2,1,-1.584899964827102,-1.204084686093323,0.41619695773708365
408,0,9,4,2,0,4,4,7,1,4,1,3,0.932332878241983,0.656604937986723,-0.6194269716205983
416,0,11,3,1,0,1,1,1,1,1,2,2,-1.584899964827102,-0.4551925376850848,-0.21456318441150887
422,1,4,2,7,1,4,5,7,1,5,1,1,1.1710973279945556,-0.005524360436810266,-0.6194269716205983
440,0,4,3,3,0,1,1,2,1,2,2,2,-1.1301748847213864,-0.11881161756623469,-0.21456318441150887
452,1,8,4,5,0,2,3,2,3,3,2,2,-0.4712378518052408,0.12553213079247608,0.41619695773708365
469,0,3,2,2,0,1,2,2,1,2,3,2,-0.9244283593455365,-0.11881161756623469,0.052227512737282766
477,1,8,4,4,0,3,2,5,1,4,2,3,-0.017325778574398248,0.656604937986723,-0.21456318441150887
489,0,11,1,1,0,1,2,1,1,2,1,1,-1.152458049214514,-0.643632269514061,-0.6194269716205983
505,1,10,4,5,1,4,5,6,5,4,1,5,0.8063118780148516,1.3298586245636885,0.2144188829397604
508,0,11,2,1,0,3,2,6,1,1,1,1,0.06085546390927974,-1.204084686093323,-0.6194269716205983
512,0,2,2,1,0,1,1,1,1,1,2,2,-1.584899964827102,-0.4551925376850848,-0.21456318441150887
514,1,3,5,7,1,4,6,7,4,5,1,3,1.6966135178966604,0.9000377577600748,0.181904360939088
542,1,2,5,7,1,4,5,7,2,5,4,1,1.1710973279945556,-0.005524360436810266,0.7028020303636756
561,1,12,5,7,0,2,2,2,1,2,2,2,-0.5414731491146806,-0.11881161756623469,-0.21456318441150887
562,0,3,2,1,0,3,3,6,1,1,1,1,0.14887011884293536,-1.204084686093323,-0.6194269716205983
564,1,8,2,3,1,4,6,7,1,2,3,2,1.6966135178966604,-0.11881161756623469,0.052227512737282766
571,0,5,3,5,1,4,6,7,1,1,3,1,1.6966135178966604,-1.204084686093323,0.052227512737282766
579,0,2,2,1,1,4,2,6,1,2,1,1,0.5217095254077706,-0.643632269514061,-0.6194269716205983
587,0,11,1,1,0,1,1,1,1,1,1,1,-1.584899964827102,-1.204084686093323,-0.6194269716205983
590,1,6,3,4,0,4,5,7,2,4,1,3,1.1710973279945556,0.656604937986723,-0.138714742127817
604,0,11,3,4,0,1,1,1,3,1,2,2,-1.584899964827102,-0.4551925376850848,0.41619695773708365
612,0,6,3,2,0,4,4,7,1,1,1,2,0.932332878241983,-0.4551925376850848,-0.6194269716205983
617,1,10,4,5,0,4,5,5,2,5,2,3,0.6972726095973313,0.9000377577600748,0.20409480479440348
622,1,10,4,7,1,4,5,7,3,4,2,4,1.1710973279945556,0.9771959950395975,0.41619695773708365
631,1,10,4,4,0,3,5,5,2,3,2,4,0.1681370821309143,0.7740557550449166,0.20409480479440348
634,0,10,4,3,0,4,1,7,1,4,3,1,0.696112982276354,-0.18568175463072376,0.052227512737282766
640,1,6,4,7,0,3,2,7,3,5,2,2,0.134815827468296,0.5087615515053516,0.41619695773708365
642,0,4,3,3,0,4,6,7,1,2,4,2,1.6966135178966604,-0.11881161756623469,0.27178882756754197
645,0,12,2,1,0,3,5,5,1,1,1,1,0.1681370821309143,-1.204084686093323,-0.6194269716205983
661,1,12,4,7,1,4,4,7,2,2,1,3,0.932332878241983,0.2410719755829464,-0.138714742127817
672,0,6,2,2,0,1,2,1,1,1,1,1,-1.152458049214514,-1.204084686093323,-0.6194269716205983
686,1,10,3,7,1,3,2,4,1,3,3,4,-0.0663052999726259,0.7740557550449166,0.052227512737282766
693,0,9,1,1,0,1,1,1,1,1,1,2,-1.584899964827102,-0.4551925376850848,-0.6194269716205983
700,0,9,2,1,0,1,1,1,1,1,2,1,-1.584899964827102,-1.204084686093323,-0.21456318441150887
705,0,5,2,1,0,1,2,7,3,1,3,1,-0.7186128774864156,-1.204084686093323,0.7003136334555536
717,0,4,2,1,0,3,2,7,1,2,1,1,0.134815827468296,-0.643632269514061,-0.6194269716205983
718,0,10,2,1,0,2,3,3,3,2,1,2,-0.39255380507813586,-0.11881161756623469,0.07016563578523916
734,1,1,5,7,0,4,5,7,1,5,4,3,1.1710973279945556,0.9000377577600748,0.27178882756754197
759,1,6,3,5,1,4,2,7,1,2,3,2,0.7460889643831501,-0.11881161756623469,0.052227512737282766
762,1,11,4,7,0,4,2,6,3,4,3,4,0.5217095254077706,0.9771959950395975,0.7003136334555536
786,1,11,3,7,0,4,5,7,1,2,1,4,1.1710973279945556,0.5270892828849888,-0.6194269716205983
790,0,8,2,3,0,3,3,3,1,2,2,2,-0.01175096489321396,-0.11881161756623469,-0.21456318441150887
798,1,12,3,4,0,3,5,3,3,4,1,3,0.08246554551496599,0.656604937986723,0.07016563578523916
802,0,11,2,1,1,4,5,7,1,1,1,1,1.1710973279945556,-1.204084686093323,-0.6194269716205983
807,0,6,3,2,0,2,2,3,1,3,1,2,-0.46514077757936584,0.12553213079247608,-0.6194269716205983
808,0,8,2,1,0,2,3,5,1,2,1,1,-0.3207903715799198,-0.643632269514061,-0.6194269716205983
821,1,12,4,4,1,4,6,6,3,4,1,3,1.0215343964466774,0.656604937986723,0.07016563578523916
824,1,4,4,7,0,4,5,7,1,3,1,3,1.1710973279945556,0.4752937495294623,-0.6194269716205983
827,1,4,4,7,0,3,1,5,3,4,2,3,-0.10249093214282179,0.656604937986723,0.41619695773708365
869,0,12,4,7,1,3,2,6,1,2,1,4,0.06085546390927974,0.5270892828849888,-0.6194269716205983
873,1,9,3,4,1,4,6,7,5,5,1,5,1.6966135178966604,1.8412257065152642,0.2144188829397604
874,1,2,2,5,0,1,1,1,1,2,2,1,-1.584899964827102,-0.643632269514061,-0.21456318441150887
876,0,2,3,1,0,3,2,3,1,1,1,1,-0.10051965377540337,-1.204084686093323,-0.6194269716205983
886,1,10,4,5,0,3,3,3,3,5,3,4,-0.01175096489321396,1.3010795133602184,0.7003136334555536
887,0,9,2,1,0,3,2,7,1,2,1,2,0.134815827468296,-0.11881161756623469,-0.6194269716205983
892,0,8,3,4,1,4,2,6,1,5,1,4,0.5217095254077706,1.3010795133602184,-0.6194269716205983
903,0,3,3,3,0,4,6,7,1,1,1,2,1.6966135178966604,-0.4551925376850848,-0.6194269716205983
904,0,9,2,1,0,3,4,3,1,2,3,1,0.04092704110510598,-0.643632269514061,0.052227512737282766
906,0,3,3,2,1,4,6,7,1,3,1,1,1.6966135178966604,-0.36156163354223914,-0.6194269716205983
911,0,9,2,2,0,3,5,6,1,1,3,1,0.258061988018413,-1.204084686093323,0.052227512737282766
913,1,6,4,7,0,3,1,6,3,2,4,4,-0.022651234718676787,0.5270892828849888,0.9671601641532525
917,0,11,2,3,0,1,2,1,1,1,2,2,-1.152458049214514,-0.4551925376850848,-0.21456318441150887
928,0,7,3,3,1,3,4,3,1,2,1,2,0.04092704110510598,-0.11881161756623469,-0.6194269716205983
938,1,8,4,5,0,1,1,1,4,5,1,1,-1.584899964827102,-0.005524360436810266,0.181904360939088
947,0,6,2,4,0,1,1,1,3,2,3,1,-1.584899964827102,-0.643632269514061,0.7003136334555536
949,0,10,2,1,0,4,4,6,1,1,1,1,0.6704326932816763,-1.204084686093323,-0.6194269716205983
961,0,10,2,1,1,4,5,7,1,1,1,1,1.1710973279945556,-1.204084686093323,-0.6194269716205983
970,1,2,4,4,0,1,1,1,2,1,4,1,-1.584899964827102,-1.204084686093323,0.7028020303636756
971,0,6,5,7,0,4,6,7,1,5,1,5,1.6966135178966604,1.8412257065152642,-0.6194269716205983
978,1,10,3,6,1,4,1,7,1,3,3,3,0.696112982276354,0.4752937495294623,0.052227512737282766
983,0,10,2,1,0,1,1,2,1,1,1,1,-1.1301748847213864,-1.204084686093323,-0.6194269716205983
984,1,9,5,7,1,4,5,6,5,5,2,4,0.8063118780148516,1.3010795133602184,0.5717403456485417
991,1,8,4,5,0,4,6,7,1,4,2,3,1.6966135178966604,0.656604937986723,-0.21456318441150887
1006,0,3,1,3,0,4,2,7,1,1,1,1,0.7460889643831501,-1.204084686093323,-0.6194269716205983
1009,1,3,3,6,1,3,2,7,2,5,3,2,0.134815827468296,0.5087615515053516,0.4679751586170238
1011,0,2,1,3,0,1,1,1,1,1,1,1,-1.584899964827102,-1.204084686093323,-0.6194269716205983
1023,0,9,2,2,0,2,3,2,1,1,2,2,-0.4712378518052408,-0.4551925376850848,-0.21456318441150887
1025,0,1,3,1,0,4,4,7,1,3,1,3,0.932332878241983,0.4752937495294623,-0.6194269716205983
1032,1,6,4,6,0,3,1,2,2,3,3,2,-0.27367342426787417,0.12553213079247608,0.4679751586170238
1060,0,10,3,4,0,4,3,7,3,2,2,1,0.834777050820967,-0.643632269514061,0.41619695773708365
1065,0,4,3,3,1,3,5,5,2,2,3,1,0.1681370821309143,-0.643632269514061,0.4679751586170238
1068,1,8,5,4,1,4,2,7,3,5,3,4,0.7460889643831501,1.3010795133602184,0.7003136334555536
1073,0,11,2,2,0,3,4,6,2,2,2,2,0.20629624951242795,-0.11881161756623469,0.20409480479440348
1079,0,10,2,1,0,1,1,1,1,1,1,1,-1.584899964827102,-1.204084686093323,-0.6194269716205983
1082,0,1,3,2,1,2,2,7,1,1,1,1,-0.3242372479301743,-1.204084686093323,-0.6194269716205983
1087,0,5,3,4,0,1,1,1,1,2,2,2,-1.584899964827102,-0.11881161756623469,-0.21456318441150887
1089,0,8,4,1,1,4,6,2,1,1,1,1,0.7910280781377262,-1.204084686093323,-0.6194269716205983
1090,1,8,4,6,1,3,2,6,2,3,1,4,0.06085546390927974,0.7740557550449166,-0.138714742127817
1102,1,11,5,7,0,3,3,5,3,4,2,4,0.0693560313642333,0.9771959950395975,0.41619695773708365
1121,0,9,3,3,0,2,5,4,2,2,1,2,-0.306821263411816,-0.11881161756623469,-0.138714742127817
1123,0,5,3,4,0,1,2,1,3,3,2,3,-1.152458049214514,0.4752937495294623,0.41619695773708365
1133,0,8,3,2,0,3,4,2,1,2,1,1,-0.018834164206311187,-0.643632269514061,-0.6194269716205983
1135,1,10,4,7,0,4,5,5,1,5,4,2,0.6972726095973313,0.5087615515053516,0.27178882756754197
1140,1,3,4,7,1,4,5,7,3,3,3,3,1.1710973279945556,0.4752937495294623,0.7003136334555536
1144,0,11,2,3,0,3,3,6,1,3,1,1,0.14887011884293536,-0.36156163354223914,-0.6194269716205983
1149,0,2,4,2,0,4,1,6,1,1,2,1,0.4737311199679708,-1.204084686093323,-0.21456318441150887
1160,1,9,4,6,0,3,1,2,3,3,3,4,-0.27367342426787417,0.7740557550449166,0.7003136334555536
1167,1,3,5,4,0,2,1,2,5,5,5,4,-0.649736249772667,1.3010795133602184,1.3862140568107622
1178,1,4,4,7,0,4,5,6,1,3,2,1,0.8063118780148516,-0.36156163354223914,-0.21456318441150887
1183,0,5,2,1,0,4,6,7,1,1,1,1,1.6966135178966604,-1.204084686093323,-0.6194269716205983
1201,0,3,2,1,0,3,5,7,1,4,1,2,0.36444640312140714,0.3012782263605131,-0.6194269716205983
1213,0,9,4,4,0,2,2,2,2,4,1,2,-0.5414731491146806,0.3012782263605131,-0.138714742127817
1229,0,6,1,1,0,4,6,7,1,1,2,1,1.6966135178966604,-1.204084686093323,-0.21456318441150887
1233,1,9,4,5,1,4,5,5,2,4,2,1,0.6972726095973313,-0.18568175463072376,0.20409480479440348
1234,1,8,3,5,0,2,2,2,2,3,4,3,-0.5414731491146806,0.4752937495294623,0.7028020303636756
1236,0,3,4,1,0,3,5,6,2,5,2,4,0.258061988018413,1.3010795133602184,0.20409480479440348
1241,1,2,3,6,0,4,2,6,4,5,3,2,0.5217095254077706,0.5087615515053516,0.8370448206710984
1248,0,10,3,4,0,2,2,2,1,2,1,2,-0.5414731491146806,-0.11881161756623469,-0.6194269716205983
1249,1,7,5,7,1,4,6,7,1,5,2,3,1.6966135178966604,0.9000377577600748,-0.21456318441150887
1251,1,5,4,6,1,4,4,6,1,3,3,2,0.6704326932816763,0.12553213079247608,0.052227512737282766
1252,0,2,3,4,1,4,5,4,3,3,3,3,0.6521496199256502,0.4752937495294623,0.7003136334555536
1260,1,9,4,7,0,4,5,5,1,5,2,3,0.6972726095973313,0.9000377577600748,-0.21456318441150887
1263,1,7,4,7,0,2,2,5,1,5,1,4,-0.4022057731502161,1.3010795133602184,-0.6194269716205983
1269,0,10,1,1,0,1,2,1,1,1,1,1,-1.152458049214514,-1.204084686093323,-0.6194269716205983
1271,1,8,4,5,1,4,2,7,3,5,1,1,0.7460889643831501,-0.005524360436810266,0.07016563578523916
1277,1,9,3,2,0,3,3,7,3,4,3,5,0.2292131098416408,1.3298586245636885,0.7003136334555536
1283,0,7,1,1,0,1,2,2,1,1,1,1,-0.9244283593455365,-1.204084686093323,-0.6194269716205983
1287,0,7,3,5,0,3,3,6,3,3,1,3,0.14887011884293536,0.4752937495294623,0.07016563578523916
1298,0,7,2,1,0,2,1,1,1,1,1,2,-0.7667762705382174,-0.4551925376850848,-0.6194269716205983
1302,1,3,4,6,0,4,5,6,1,3,3,2,0.8063118780148516,0.12553213079247608,0.052227512737282766
1303,1,6,4,7,1,4,5,7,1,3,4,2,1.1710973279945556,0.12553213079247608,0.27178882756754197
1320,0,5,2,1,0,2,2,2,1,1,2,1,-0.5414731491146806,-1.204084686093323,-0.21456318441150887
1331,1,7,4,5,0,3,3,6,5,4,2,5,0.14887011884293536,1.3298586245636885,0.5717403456485417
1334,1,9,4,5,0,4,4,6,3,5,1,4,0.6704326932816763,1.3010795133602184,0.07016563578523916
1336,0,7,3,3,0,3,3,2,1,5,1,1,-0.07291448904513023,-0.005524360436810266,-0.6194269716205983
1337,1,10,4,4,1,4,5,5,1,5,3,3,0.6972726095973313,0.9000377577600748,0.052227512737282766
1344,1,4,3,5,1,2,2,2,1,2,2,2,-0.5414731491146806,-0.11881161756623469,-0.21456318441150887
1347,0,11,3,2,0,4,5,7,1,2,1,1,1.1710973279945556,-0.643632269514061,-0.6194269716205983
1364,0,3,3,2,0,4,1,2,1,2,3,2,0.20438801950823154,-0.11881161756623469,0.052227512737282766
1366,1,6,5,7,1,4,5,7,4,2,3,3,1.1710973279945556,0.2410719755829464,0.8370448206710984
1368,1,5,3,6,0,4,6,5,1,2,2,3,0.8917463245108356,0.2410719755829464,-0.21456318441150887
1375,1,3,4,6,1,3,2,7,4,4,4,2,0.134815827468296,0.3012782263605131,1.1319324779186792
1377,0,8,3,1,0,3,3,3,1,1,2,2,-0.01175096489321396,-0.4551925376850848,-0.21456318441150887
1378,0,7,3,3,0,2,2,3,2,3,3,2,-0.46514077757936584,0.12553213079247608,0.4679751586170238
1381,0,10,2,1,0,1,1,1,2,2,3,2,-1.584899964827102,-0.11881161756623469,0.4679751586170238
1386,0,6,3,4,0,2,2,5,3,4,2,2,-0.4022057731502161,0.3012782263605131,0.41619695773708365
1389,0,8,2,1,0,4,4,6,1,1,3,1,0.6704326932816763,-1.204084686093323,0.052227512737282766
1393,0,4,2,2,0,1,1,1,1,1,4,2,-1.584899964827102,-0.4551925376850848,0.27178882756754197
1401,0,3,2,1,0,1,1,1,2,3,4,1,-1.584899964827102,-0.36156163354223914,0.7028020303636756
1404,1,9,3,6,0,3,4,5,1,2,2,2,0.12321677994056492,-0.11881161756623469,-0.21456318441150887
1434,0,7,3,1,1,4,6,7,1,1,1,1,1.6966135178966604,-1.204084686093323,-0.6194269716205983
1437,0,11,5,7,0,2,2,3,2,2,2,4,-0.46514077757936584,0.5270892828849888,0.20409480479440348
1462,0,6,2,1,0,3,2,6,1,2,3,1,0.06085546390927974,-0.643632269514061,0.052227512737282766
1465,1,11,3,6,0,1,1,1,2,3,2,3,-1.584899964827102,0.4752937495294623,0.20409480479440348
1472,0,4,3,2,1,3,5,7,2,2,2,3,0.36444640312140714,0.2410719755829464,0.20409480479440348
1487,1,9,3,6,0,3,2,5,2,4,2,2,-0.017325778574398248,0.3012782263605131,0.20409480479440348
1489,0,11,2,4,0,3,3,2,1,2,1,1,-0.07291448904513023,-0.643632269514061,-0.6194269716205983
1496,0,9,2,1,0,2,2,7,2,1,2,2,-0.3242372479301743,-0.4551925376850848,0.20409480479440348
1498,0,7,2,1,0,1,2,1,1,1,1,1,-1.152458049214514,-1.204084686093323,-0.6194269716205983
1512,0,2,3,4,1,4,3,7,1,1,1,1,0.834777050820967,-1.204084686093323,-0.6194269716205983
1514,1,11,5,5,0,2,2,2,2,4,2,3,-0.5414731491146806,0.656604937986723,0.20409480479440348
1516,1,2,5,7,1,4,2,7,1,2,4,2,0.7460889643831501,-0.11881161756623469,0.27178882756754197
1518,0,8,2,1,0,2,1,7,1,1,2,2,-0.44628461614644405,-0.4551925376850848,-0.21456318441150887
1521,0,9,5,4,0,3,2,2,1,1,1,1,-0.16840158788791199,-1.204084686093323,-0.6194269716205983
1523,0,10,1,1,0,2,5,3,1,2,2,1,-0.3444381045362492,-0.643632269514061,-0.21456318441150887
1525,1,3,4,7,0,3,1,5,1,5,5,4,-0.10249093214282179,1.3010795133602184,0.38274285616613746
1541,0,9,1,1,0,1,1,1,1,1,1,1,-1.584899964827102,-1.204084686093323,-0.6194269716205983
1543,1,2,4,5,1,4,6,5,3,5,3,5,0.8917463245108356,1.8412257065152642,0.7003136334555536
1546,0,8,1,1,0,2,1,2,1,1,2,1,-0.649736249772667,-1.204084686093323,-0.21456318441150887
1553,0,6,1,3,0,1,1,1,1,1,2,1,-1.584899964827102,-1.204084686093323,-0.21456318441150887
1558,0,5,3,1,0,4,1,7,1,2,1,2,0.696112982276354,-0.11881161756623469,-0.6194269716205983
1569,0,9,3,4,0,2,3,1,1,1,2,1,-0.5660078405964595,-1.204084686093323,-0.21456318441150887
1573,1,9,3,4,0,3,5,5,1,4,1,1,0.1681370821309143,-0.18568175463072376,-0.6194269716205983
1577,0,9,4,4,0,1,3,2,1,4,1,2,-0.8597065631624138,0.3012782263605131,-0.6194269716205983
1583,0,1,1,1,0,1,1,2,1,1,1,1,-1.1301748847213864,-1.204084686093323,-0.6194269716205983
1591,0,10,2,1,0,4,2,7,1,1,1,1,0.7460889643831501,-1.204084686093323,-0.6194269716205983
1603,1,4,5,7,1,4,3,7,3,5,5,1,0.834777050820967,-0.005524360436810266,1.1237517384789526
1610,0,8,2,1,0,2,1,3,1,1,1,1,-0.5681070390347422,-1.204084686093323,-0.6194269716205983
1615,0,4,3,1,0,1,1,1,1,1,1,1,-1.584899964827102,-1.204084686093323,-0.6194269716205983
1621,1,9,5,4,0,3,5,5,1,4,2,2,0.1681370821309143,0.3012782263605131,-0.21456318441150887
1622,0,5,5,1,1,4,3,6,2,2,5,5,0.5965038179808805,0.8220297889053648,0.8314065579271005
1629,0,5,3,3,0,2,1,6,2,2,3,2,-0.4705588784303862,-0.11881161756623469,0.4679751586170238
1631,1,1,3,5,1,4,6,7,2,3,3,2,1.6966135178966604,0.12553213079247608,0.4679751586170238
1632,0,10,3,3,0,3,1,1,1,1,3,1,-0.37133472909038423,-1.204084686093323,0.052227512737282766
1643,0,8,3,3,0,4,5,5,2,1,3,2,0.6972726095973313,-0.4551925376850848,0.4679751586170238
1660,1,3,3,4,0,1,1,1,3,3,3,3,-1.584899964827102,0.4752937495294623,0.7003136334555536
1664,1,5,4,7,0,4,5,7,1,2,3,4,1.1710973279945556,0.5270892828849888,0.052227512737282766
1665,0,4,3,1,0,3,1,6,1,2,2,2,-0.022651234718676787,-0.11881161756623469,-0.21456318441150887
1673,1,4,4,5,1,4,5,7,2,3,3,3,1.1710973279945556,0.4752937495294623,0.4679751586170238
1690,0,12,3,1,0,4,5,2,1,1,3,1,0.6050382404026864,-1.204084686093323,0.052227512737282766
1692,0,12,4,4,0,1,2,2,1,2,1,2,-0.9244283593455365,-0.11881161756623469,-0.6194269716205983
1693,0,6,2,1,0,1,1,2,1,1,1,1,-1.1301748847213864,-1.204084686093323,-0.6194269716205983
1729,1,11,3,6,0,1,1,1,3,2,2,3,-1.584899964827102,0.2410719755829464,0.41619695773708365
1732,1,8,4,6,0,1,1,1,2,3,1,4,-1.584899964827102,0.7740557550449166,-0.138714742127817
1741,1,7,4,6,1,3,5,7,2,3,3,5,0.36444640312140714,1.0932087936347323,0.4679751586170238
1747,0,2,3,4,0,1,1,1,3,3,3,3,-1.584899964827102,0.4752937495294623,0.7003136334555536
1753,1,7,4,7,0,1,1,1,4,5,4,1,-1.584899964827102,-0.005524360436810266,1.1319324779186792
1757,1,11,4,5,0,1,1,1,3,5,1,5,-1.584899964827102,1.8412257065152642,0.07016563578523916
1764,0,10,3,3,0,4,6,7,1,1,2,1,1.6966135178966604,-1.204084686093323,-0.21456318441150887
1783,0,9,2,2,0,3,2,3,3,2,4,2,-0.10051965377540337,-0.11881161756623469,0.9671601641532525
1786,0,11,1,1,0,1,1,1,1,1,1,1,-1.584899964827102,-1.204084686093323,-0.6194269716205983
1813,0,5,2,1,0,4,1,2,1,1,2,2,0.20438801950823154,-0.4551925376850848,-0.21456318441150887
1820,0,6,3,4,1,2,2,2,3,2,3,2,-0.5414731491146806,-0.11881161756623469,0.7003136334555536
1833,1,4,5,7,0,2,5,5,4,5,4,4,-0.25918775985040376,1.3010795133602184,1.1319324779186792
1834,0,3,3,1,0,1,1,1,1,3,3,3,-1.584899964827102,0.4752937495294623,0.052227512737282766
1835,0,5,1,3,0,1,1,6,1,1,1,1,-0.9564199821091602,-1.204084686093323,-0.6194269716205983
1838,0,3,2,2,0,4,1,7,1,1,2,2,0.696112982276354,-0.4551925376850848,-0.21456318441150887
1840,0,4,1,4,0,1,1,2,1,4,1,2,-1.1301748847213864,0.3012782263605131,-0.6194269716205983
1841,0,10,4,4,0,4,5,7,4,2,1,2,1.1710973279945556,-0.11881161756623469,0.181904360939088
1843,0,3,3,1,1,3,6,6,1,2,5,2,0.2992927961982176,-0.11881161756623469,0.38274285616613746
1859,1,6,4,7,0,2,1,4,4,3,4,2,-0.5390180618325071,0.12553213079247608,1.1319324779186792
1862,0,11,3,4,0,2,1,2,1,5,1,5,-0.649736249772667,1.8412257065152642,-0.6194269716205983
1863,0,8,1,3,0,1,1,5,1,1,3,1,-0.9793364833123014,-1.204084686093323,0.052227512737282766
1866,0,4,3,4,1,4,6,7,4,5,1,3,1.6966135178966604,0.9000377577600748,0.181904360939088
1871,1,2,5,4,1,4,1,2,2,5,4,5,0.20438801950823154,1.8412257065152642,0.7028020303636756
1883,1,2,4,7,0,3,1,2,1,3,3,1,-0.27367342426787417,-0.36156163354223914,0.052227512737282766
1884,0,2,3,1,0,2,2,3,1,2,3,2,-0.46514077757936584,-0.11881161756623469,0.052227512737282766
1894,0,12,2,1,0,3,4,5,2,1,2,1,0.12321677994056492,-1.204084686093323,0.20409480479440348
1903,0,11,3,4,0,1,1,7,1,2,2,1,-0.945162507290458,-0.643632269514061,-0.21456318441150887
1913,0,8,3,4,0,4,4,7,2,5,2,4,0.932332878241983,1.3010795133602184,0.20409480479440348
1919,0,3,3,2,0,3,3,6,1,1,3,1,0.14887011884293536,-1.204084686093323,0.052227512737282766
1928,1,4,5,7,0,4,5,6,2,2,3,3,0.8063118780148516,0.2410719755829464,0.4679751586170238
1938,1,4,3,4,0,4,2,5,1,4,4,4,0.4187504168179147,0.9771959950395975,0.27178882756754197
1951,0,5,3,2,0,2,2,2,1,1,2,2,-0.5414731491146806,-0.4551925376850848,-0.21456318441150887
1962,1,2,2,6,0,3,1,7,2,5,3,4,0.04907416057739689,1.3010795133602184,0.4679751586170238
1985,1,2,3,6,0,3,1,1,5,2,1,4,-0.37133472909038423,0.5270892828849888,0.2144188829397604
1993,0,6,2,1,0,2,1,6,1,1,1,1,-0.4705588784303862,-1.204084686093323,-0.6194269716205983
1997,0,8,2,1,0,4,6,7,1,1,3,1,1.6966135178966604,-1.204084686093323,0.052227512737282766
2000,0,4,3,5,0,2,3,6,3,4,2,4,-0.26338738855944444,0.9771959950395975,0.41619695773708365
2003,0,10,3,3,0,3,2,6,2,2,2,2,0.06085546390927974,-0.11881161756623469,0.20409480479440348
2011,0,8,2,1,0,4,5,6,3,2,3,2,0.8063118780148516,-0.11881161756623469,0.7003136334555536
2039,1,10,3,7,0,3,2,7,4,5,3,4,0.134815827468296,1.3010795133602184,0.8370448206710984
2046,0,3,3,2,0,2,2,2,1,2,1,1,-0.5414731491146806,-0.643632269514061,-0.6194269716205983
2050,0,6,2,3,0,4,5,7,1,3,2,3,1.1710973279945556,0.4752937495294623,-0.21456318441150887
2053,0,11,1,1,0,2,2,5,2,1,2,1,-0.4022057731502161,-1.204084686093323,0.20409480479440348
2065,1,6,4,7,0,2,2,2,3,3,1,1,-0.5414731491146806,-0.36156163354223914,0.07016563578523916
2069,0,9,3,4,0,2,4,3,2,3,2,3,-0.3622053830128269,0.4752937495294623,0.20409480479440348
2080,0,9,1,3,0,2,2,2,1,1,3,1,-0.5414731491146806,-1.204084686093323,0.052227512737282766
2081,0,7,3,5,1,4,6,7,2,4,3,2,1.6966135178966604,0.3012782263605131,0.4679751586170238
2085,0,11,3,3,0,1,1,1,1,1,3,1,-1.584899964827102,-1.204084686093323,0.052227512737282766
2087,1,6,4,5,0,2,2,5,3,5,1,5,-0.4022057731502161,1.8412257065152642,0.07016563578523916
2089,1,5,3,6,0,1,1,7,1,5,2,3,-0.945162507290458,0.9000377577600748,-0.21456318441150887
2096,1,9,4,6,0,3,3,5,3,3,3,3,0.0693560313642333,0.4752937495294623,0.7003136334555536
2102,0,11,5,5,1,4,5,7,1,4,1,2,1.1710973279945556,0.3012782263605131,-0.6194269716205983
2110,0,1,1,1,1,4,4,3,1,3,3,4,0.5107863403347639,0.7740557550449166,0.052227512737282766
2116,0,10,2,1,0,3,2,5,1,2,1,1,-0.017325778574398248,-0.643632269514061,-0.6194269716205983
2120,1,2,3,4,1,4,6,7,4,5,4,2,1.6966135178966604,0.5087615515053516,1.1319324779186792
2124,0,11,3,4,1,4,5,6,2,2,2,3,0.8063118780148516,0.2410719755829464,0.20409480479440348
2126,0,3,1,1,1,3,1,7,1,1,2,1,0.04907416057739689,-1.204084686093323,-0.21456318441150887
2136,1,11,3,4,0,1,2,1,2,1,3,2,-1.152458049214514,-0.4551925376850848,0.4679751586170238
2146,0,5,2,1,1,4,4,7,1,1,3,1,0.932332878241983,-1.204084686093323,0.052227512737282766
2147,1,6,4,6,0,3,5,7,3,3,3,3,0.36444640312140714,0.4752937495294623,0.7003136334555536
2152,1,9,4,7,0,1,1,1,2,4,1,2,-1.584899964827102,0.3012782263605131,-0.138714742127817
2173,1,10,4,6,0,3,3,3,1,4,2,5,-0.01175096489321396,1.3298586245636885,-0.21456318441150887
2174,0,4,3,6,0,1,1,1,2,2,2,2,-1.584899964827102,-0.11881161756623469,0.20409480479440348
2188,1,6,4,6,0,2,1,1,3,3,3,3,-0.7667762705382174,0.4752937495294623,0.7003136334555536
2195,1,5,4,5,1,3,1,5,3,5,3,3,-0.10249093214282179,0.9000377577600748,0.7003136334555536
2202,0,5,2,3,0,2,1,1,1,3,1,4,-0.7667762705382174,0.7740557550449166,-0.6194269716205983
2203,1,8,4,7,0,4,5,6,3,4,1,5,0.8063118780148516,1.3298586245636885,0.07016563578523916
2212,1,12,3,5,0,2,2,2,2,3,1,3,-0.5414731491146806,0.4752937495294623,-0.138714742127817
2229,1,8,5,5,1,3,5,5,1,4,4,2,0.1681370821309143,0.3012782263605131,0.27178882756754197
2243,1,8,3,5,0,2,1,4,2,2,1,4,-0.5390180618325071,0.5270892828849888,-0.138714742127817
2250,0,1,2,2,1,3,2,6,2,1,4,2,0.06085546390927974,-0.4551925376850848,0.7028020303636756
2262,0,9,1,1,0,4,5,5,1,1,1,1,0.6972726095973313,-1.204084686093323,-0.6194269716205983
2268,0,6,3,4,0,1,1,1,1,1,2,1,-1.584899964827102,-1.204084686093323,-0.21456318441150887
2280,1,4,5,6,0,2,3,5,1,5,3,1,-0.3207903715799198,-0.005524360436810266,0.052227512737282766
2308,0,8,3,1,1,3,2,7,2,3,2,1,0.134815827468296,-0.36156163354223914,0.20409480479440348
2311,0,5,2,1,0,4,2,6,2,3,2,3,0.5217095254077706,0.4752937495294623,0.20409480479440348
2312,1,9,4,7,1,4,5,6,2,5,3,2,0.8063118780148516,0.5087615515053516,0.4679751586170238
2315,1,7,5,7,0,4,5,7,1,5,3,1,1.1710973279945556,-0.005524360436810266,0.052227512737282766
2317,0,12,2,1,0,1,1,2,1,1,1,1,-1.1301748847213864,-1.204084686093323,-0.6194269716205983
2318,0,7,3,4,0,2,1,2,1,1,3,2,-0.649736249772667,-0.4551925376850848,0.052227512737282766
2330,0,10,3,3,0,4,5,7,1,2,1,2,1.1710973279945556,-0.11881161756623469,-0.6194269716205983
2335,0,4,2,4,0,4,5,7,1,1,1,2,1.1710973279945556,-0.4551925376850848,-0.6194269716205983
2337,0,11,2,4,0,1,1,1,2,1,1,1,-1.584899964827102,-1.204084686093323,-0.138714742127817
2340,1,3,3,1,0,1,1,1,2,2,2,2,-1.584899964827102,-0.11881161756623469,0.20409480479440348
2342,1,11,4,6,0,4,5,3,3,5,1,4,0.6327096100969202,1.3010795133602184,0.07016563578523916
2343,0,9,4,2,0,1,1,2,3,4,5,1,-1.1301748847213864,-0.18568175463072376,1.1237517384789526
2345,0,9,1,1,0,1,1,1,1,2,4,2,-1.584899964827102,-0.11881161756623469,0.27178882756754197
2347,0,3,3,4,0,1,1,1,3,3,2,3,-1.584899964827102,0.4752937495294623,0.41619695773708365
2358,0,3,3,1,1,4,5,6,3,3,1,2,0.8063118780148516,0.12553213079247608,0.07016563578523916
2365,1,4,3,4,0,3,3,5,1,2,3,2,0.0693560313642333,-0.11881161756623469,0.052227512737282766
2374,0,12,1,1,0,1,1,1,1,1,2,1,-1.584899964827102,-1.204084686093323,-0.21456318441150887
2375,0,6,3,4,0,1,1,2,1,1,1,2,-1.1301748847213864,-0.4551925376850848,-0.6194269716205983
2380,0,3,1,1,0,1,1,1,1,1,1,1,-1.584899964827102,-1.204084686093323,-0.6194269716205983
2417,1,7,4,7,0,4,5,6,1,3,2,2,0.8063118780148516,0.12553213079247608,-0.21456318441150887
2427,0,6,2,1,0,1,1,1,1,2,2,3,-1.584899964827102,0.2410719755829464,-0.21456318441150887
2438,0,11,3,4,0,2,1,1,2,1,4,2,-0.7667762705382174,-0.4551925376850848,0.7028020303636756
2441,1,7,3,4,0,4,2,6,3,5,1,2,0.5217095254077706,0.5087615515053516,0.07016563578523916
2445,0,7,1,1,0,1,1,1,1,1,2,2,-1.584899964827102,-0.4551925376850848,-0.21456318441150887
2458,1,1,3,6,0,4,2,6,1,4,1,4,0.5217095254077706,0.9771959950395975,-0.6194269716205983
2463,0,11,1,4,0,1,1,1,1,1,2,1,-1.584899964827102,-1.204084686093323,-0.21456318441150887
2464,1,2,4,7,0,3,3,3,1,3,4,1,-0.01175096489321396,-0.36156163354223914,0.27178882756754197
2465,0,6,2,4,0,2,1,6,1,1,4,1,-0.4705588784303862,-1.204084686093323,0.27178882756754197
2466,1,6,5,5,0,2,2,5,2,4,4,3,-0.4022057731502161,0.656604937986723,0.7028020303636756
2475,0,6,3,3,0,2,2,2,1,1,1,1,-0.5414731491146806,-1.204084686093323,-0.6194269716205983
2494,0,12,3,1,0,4,5,6,1,2,3,1,0.8063118780148516,-0.643632269514061,0.052227512737282766
2496,1,7,4,6,1,4,5,6,3,4,2,5,0.8063118780148516,1.3298586245636885,0.41619695773708365
2506,0,9,3,2,0,2,3,1,1,1,1,1,-0.5660078405964595,-1.204084686093323,-0.6194269716205983
2517,1,4,4,5,1,3,2,6,3,5,2,4,0.06085546390927974,1.3010795133602184,0.41619695773708365
2522,1,2,4,6,0,2,2,5,2,2,3,2,-0.4022057731502161,-0.11881161756623469,0.4679751586170238
2528,0,7,3,1,0,4,6,7,1,2,3,1,1.6966135178966604,-0.643632269514061,0.052227512737282766
2533,0,10,2,1,0,1,1,1,1,2,1,2,-1.584899964827102,-0.11881161756623469,-0.6194269716205983
2535,1,6,4,5,0,4,5,5,2,2,4,4,0.6972726095973313,0.5270892828849888,0.7028020303636756
2542,1,1,4,6,0,4,5,7,2,2,3,2,1.1710973279945556,-0.11881161756623469,0.4679751586170238
2543,1,6,1,4,0,3,1,2,5,5,1,2,-0.27367342426787417,0.5087615515053516,0.2144188829397604
2553,0,9,2,1,0,3,2,6,1,1,3,1,0.06085546390927974,-1.204084686093323,0.052227512737282766
2557,1,8,3,4,0,3,5,6,2,2,5,4,0.258061988018413,0.5270892828849888,0.8314065579271005
2560,0,9,2,1,0,3,3,5,1,1,3,2,0.0693560313642333,-0.4551925376850848,0.052227512737282766
2562,0,8,3,3,0,2,2,2,1,2,3,1,-0.5414731491146806,-0.643632269514061,0.052227512737282766
2564,0,9,2,1,0,3,3,5,2,1,3,2,0.0693560313642333,-0.4551925376850848,0.4679751586170238
2566,0,11,2,1,0,3,5,5,1,1,2,2,0.1681370821309143,-0.4551925376850848,-0.21456318441150887
2571,0,8,2,1,0,4,5,6,1,1,2,1,0.8063118780148516,-1.204084686093323,-0.21456318441150887
2573,0,10,2,2,0,3,3,6,1,1,2,1,0.14887011884293536,-1.204084686093323,-0.21456318441150887
2586,1,4,4,4,0,4,6,7,3,5,1,3,1.6966135178966604,0.9000377577600748,0.07016563578523916
2588,1,9,5,5,0,4,5,7,3,5,1,4,1.1710973279945556,1.3010795133602184,0.07016563578523916
2589,1,11,4,4,0,1,1,5,3,4,3,2,-0.9793364833123014,0.3012782263605131,0.7003136334555536
2591,1,6,4,7,1,4,2,7,3,3,3,3,0.7460889643831501,0.4752937495294623,0.7003136334555536
2597,1,4,3,5,0,2,2,2,5,5,1,5,-0.5414731491146806,1.8412257065152642,0.2144188829397604
2602,0,2,1,3,0,1,1,1,1,1,3,1,-1.584899964827102,-1.204084686093323,0.052227512737282766
2605,0,8,3,4,1,4,5,6,1,2,4,3,0.8063118780148516,0.2410719755829464,0.27178882756754197
2617,0,9,2,1,0,2,1,6,1,2,1,2,-0.4705588784303862,-0.11881161756623469,-0.6194269716205983
2620,1,12,4,6,0,3,1,3,3,4,4,4,-0.19168062892264578,0.9771959950395975,0.9671601641532525
2621,0,12,3,3,0,4,5,7,2,1,1,2,1.1710973279945556,-0.4551925376850848,-0.138714742127817
2625,0,12,3,2,0,3,2,6,1,2,1,2,0.06085546390927974,-0.11881161756623469,-0.6194269716205983
2627,0,9,1,1,0,1,1,1,1,1,1,2,-1.584899964827102,-0.4551925376850848,-0.6194269716205983
2633,1,6,5,7,1,4,6,7,1,2,3,4,1.6966135178966604,0.5270892828849888,0.052227512737282766
2646,0,7,3,1,0,4,5,7,1,1,1,1,1.1710973279945556,-1.204084686093323,-0.6194269716205983
2647,1,1,4,6,0,4,5,6,2,2,3,5,0.8063118780148516,0.8220297889053648,0.4679751586170238
2649,0,4,3,1,1,4,2,7,1,1,1,2,0.7460889643831501,-0.4551925376850848,-0.6194269716205983
2651,0,7,2,3,0,3,1,1,2,2,1,2,-0.37133472909038423,-0.11881161756623469,-0.138714742127817
2662,1,4,3,7,0,3,2,4,1,5,3,3,-0.0663052999726259,0.9000377577600748,0.052227512737282766
2667,0,6,1,1,1,4,6,2,1,2,3,4,0.7910280781377262,0.5270892828849888,0.052227512737282766
2675,0,12,2,1,1,4,2,7,1,1,1,1,0.7460889643831501,-1.204084686093323,-0.6194269716205983
2678,1,7,4,7,1,4,2,7,2,4,2,2,0.7460889643831501,0.3012782263605131,0.20409480479440348
2693,1,2,3,2,0,4,5,2,1,5,5,2,0.6050382404026864,0.5087615515053516,0.38274285616613746
2701,1,3,4,6,1,3,5,6,1,2,1,2,0.258061988018413,-0.11881161756623469,-0.6194269716205983
2704,0,5,2,2,0,2,1,6,2,3,2,2,-0.4705588784303862,0.12553213079247608,0.20409480479440348
2712,1,2,5,7,0,4,5,7,1,5,3,3,1.1710973279945556,0.9000377577600748,0.052227512737282766
2729,1,9,5,5,0,4,2,7,3,5,1,5,0.7460889643831501,1.8412257065152642,0.07016563578523916
2739,0,7,3,3,0,1,2,2,1,1,1,2,-0.9244283593455365,-0.4551925376850848,-0.6194269716205983
2741,0,11,3,6,0,3,4,5,2,2,3,2,0.12321677994056492,-0.11881161756623469,0.4679751586170238
2745,1,7,3,6,1,4,5,7,1,1,2,2,1.1710973279945556,-0.4551925376850848,-0.21456318441150887
2750,0,8,2,4,0,1,1,1,1,2,4,2,-1.584899964827102,-0.11881161756623469,0.27178882756754197
2797,0,6,1,3,0,3,5,5,1,3,1,1,0.1681370821309143,-0.36156163354223914,-0.6194269716205983
2806,0,4,3,3,0,4,2,7,1,4,2,2,0.7460889643831501,0.3012782263605131,-0.21456318441150887
2811,0,4,3,3,0,1,2,1,1,5,4,1,-1.152458049214514,-0.005524360436810266,0.27178882756754197
2815,0,6,2,1,0,3,2,5,1,2,1,1,-0.017325778574398248,-0.643632269514061,-0.6194269716205983
2824,0,5,3,4,0,1,1,1,1,4,1,2,-1.584899964827102,0.3012782263605131,-0.6194269716205983
2827,0,8,3,2,0,2,2,2,1,2,4,1,-0.5414731491146806,-0.643632269514061,0.27178882756754197
2828,0,7,2,1,0,3,3,7,1,1,2,1,0.2292131098416408,-1.204084686093323,-0.21456318441150887
2834,0,11,1,1,0,1,1,1,1,1,1,2,-1.584899964827102,-0.4551925376850848,-0.6194269716205983
2838,1,1,4,5,0,4,5,7,5,5,5,1,1.1710973279945556,-0.005524360436810266,1.3862140568107622
2839,0,9,1,1,0,1,1,1,1,1,1,1,-1.584899964827102,-1.204084686093323,-0.6194269716205983
2840,0,8,3,3,0,1,1,1,2,2,1,1,-1.584899964827102,-0.643632269514061,-0.138714742127817
2842,0,9,1,1,0,1,1,1,1,1,1,1,-1.584899964827102,-1.204084686093323,-0.6194269716205983
2844,1,6,4,7,0,2,2,2,1,2,2,5,-0.5414731491146806,0.8220297889053648,-0.21456318441150887
2852,1,7,3,6,0,1,1,1,3,5,4,3,-1.584899964827102,0.9000377577600748,0.9671601641532525
2859,0,5,3,4,0,2,4,2,1,2,4,2,-0.44425078098387744,-0.11881161756623469,0.27178882756754197
2862,1,11,3,6,0,3,2,7,4,5,2,4,0.134815827468296,1.3010795133602184,0.5353182699545874
2865,0,12,2,1,0,2,2,5,2,2,3,5,-0.4022057731502161,0.8220297889053648,0.4679751586170238
2874,0,7,3,3,0,3,2,2,1,1,3,2,-0.16840158788791199,-0.4551925376850848,0.052227512737282766
2875,0,7,3,1,0,4,2,5,1,1,3,2,0.4187504168179147,-0.4551925376850848,0.052227512737282766
2879,0,7,3,2,0,4,1,6,2,1,3,1,0.4737311199679708,-1.204084686093323,0.4679751586170238
2882,1,11,4,7,0,1,2,1,2,2,3,4,-1.152458049214514,0.5270892828849888,0.4679751586170238
2891,0,9,3,3,0,1,1,2,1,1,1,1,-1.1301748847213864,-1.204084686093323,-0.6194269716205983
2905,1,11,4,7,1,3,5,6,1,4,3,1,0.258061988018413,-0.18568175463072376,0.052227512737282766
2907,0,3,2,1,0,3,2,2,1,2,1,2,-0.16840158788791199,-0.11881161756623469,-0.6194269716205983
2915,0,2,3,1,0,3,5,7,1,2,3,3,0.36444640312140714,0.2410719755829464,0.052227512737282766
2928,0,6,3,4,0,1,1,1,2,4,2,4,-1.584899964827102,0.9771959950395975,0.20409480479440348
2944,0,5,4,4,0,4,5,6,1,4,3,3,0.8063118780148516,0.656604937986723,0.052227512737282766
2952,1,3,5,4,1,4,1,7,1,2,1,5,0.696112982276354,0.8220297889053648,-0.6194269716205983
2972,0,2,3,3,0,3,2,3,1,3,3,4,-0.10051965377540337,0.7740557550449166,0.052227512737282766
2976,0,6,3,2,0,4,2,7,1,5,3,4,0.7460889643831501,1.3010795133602184,0.052227512737282766
2985,1,1,3,4,0,2,4,6,1,1,1,1,-0.21602248857947817,-1.204084686093323,-0.6194269716205983
2987,0,12,2,1,0,1,1,1,1,1,2,1,-1.584899964827102,-1.204084686093323,-0.21456318441150887
2988,0,10,4,6,1,4,5,7,1,1,1,1,1.1710973279945556,-1.204084686093323,-0.6194269716205983
2993,1,12,3,5,0,4,6,6,2,5,1,5,1.0215343964466774,1.8412257065152642,-0.138714742127817
3018,0,11,2,1,0,2,2,5,1,2,1,1,-0.4022057731502161,-0.643632269514061,-0.6194269716205983
3025,1,4,4,4,1,4,6,7,1,3,1,4,1.6966135178966604,0.7740557550449166,-0.6194269716205983
3033,0,10,5,7,0,3,2,4,2,3,1,2,-0.0663052999726259,0.12553213079247608,-0.138714742127817
3050,0,11,3,2,1,4,4,4,1,1,3,1,0.5303360152211162,-1.204084686093323,0.052227512737282766
3058,0,6,2,3,0,1,1,1,3,2,1,2,-1.584899964827102,-0.11881161756623469,0.07016563578523916
3073,1,10,4,5,1,4,5,7,3,3,3,3,1.1710973279945556,0.4752937495294623,0.7003136334555536
3076,1,7,4,4,1,4,6,7,1,5,1,4,1.6966135178966604,1.3010795133602184,-0.6194269716205983
3085,1,11,5,7,0,4,6,7,2,5,1,4,1.6966135178966604,1.3010795133602184,-0.138714742127817
3090,1,11,5,7,0,4,5,6,3,2,1,3,0.8063118780148516,0.2410719755829464,0.07016563578523916
3092,0,5,3,2,0,1,2,1,1,1,1,1,-1.152458049214514,-1.204084686093323,-0.6194269716205983
3113,1,9,3,3,0,4,5,7,1,2,1,2,1.1710973279945556,-0.11881161756623469,-0.6194269716205983
3126,1,7,4,4,1,4,5,6,2,5,2,5,0.8063118780148516,1.8412257065152642,0.20409480479440348
3131,1,10,4,5,0,4,5,3,1,3,2,2,0.6327096100969202,0.12553213079247608,-0.21456318441150887
3138,1,10,4,7,1,4,6,7,2,2,5,1,1.6966135178966604,-0.643632269514061,0.8314065579271005
3139,1,7,4,7,0,4,5,7,2,3,3,2,1.1710973279945556,0.12553213079247608,0.4679751586170238
3141,1,6,3,6,1,3,4,3,2,5,1,1,0.04092704110510598,-0.005524360436810266,-0.138714742127817
3144,1,9,3,4,0,3,2,2,4,4,3,3,-0.16840158788791199,0.656604937986723,0.8370448206710984
3145,0,8,2,1,0,1,1,1,1,1,2,1,-1.584899964827102,-1.204084686093323,-0.21456318441150887
3146,0,11,1,1,0,1,1,1,1,1,1,2,-1.584899964827102,-0.4551925376850848,-0.6194269716205983
3159,1,5,4,5,1,3,2,3,4,5,2,3,-0.10051965377540337,0.9000377577600748,0.5353182699545874
3161,1,9,4,7,0,1,1,3,3,2,1,3,-1.023906362609181,0.2410719755829464,0.07016563578523916
3169,0,2,2,2,1,4,5,6,1,1,4,1,0.8063118780148516,-1.204084686093323,0.27178882756754197
3184,0,3,3,2,1,4,6,7,1,2,3,3,1.6966135178966604,0.2410719755829464,0.052227512737282766
3188,0,8,2,3,0,2,4,2,2,1,2,2,-0.44425078098387744,-0.4551925376850848,0.20409480479440348
3193,0,4,1,1,0,3,1,2,1,1,1,1,-0.27367342426787417,-1.204084686093323,-0.6194269716205983
3212,1,10,4,7,1,4,1,7,3,4,1,3,0.696112982276354,0.656604937986723,0.07016563578523916
3219,0,4,3,6,0,3,2,5,2,2,4,2,-0.017325778574398248,-0.11881161756623469,0.7028020303636756
3224,0,9,1,1,0,1,1,1,1,1,1,1,-1.584899964827102,-1.204084686093323,-0.6194269716205983
3226,1,9,5,7,0,4,5,5,3,5,3,1,0.6972726095973313,-0.005524360436810266,0.7003136334555536
3227,0,3,3,2,0,2,1,3,1,2,1,2,-0.5681070390347422,-0.11881161756623469,-0.6194269716205983
3228,0,4,1,1,0,2,1,2,1,2,1,4,-0.649736249772667,0.5270892828849888,-0.6194269716205983
3237,0,11,4,7,1,4,5,6,1,3,1,2,0.8063118780148516,0.12553213079247608,-0.6194269716205983
3260,0,10,3,3,0,1,1,1,1,1,2,2,-1.584899964827102,-0.4551925376850848,-0.21456318441150887
3272,1,6,3,5,1,3,5,7,2,2,1,2,0.36444640312140714,-0.11881161756623469,-0.138714742127817
3283,0,6,2,1,0,2,3,2,1,1,2,2,-0.4712378518052408,-0.4551925376850848,-0.21456318441150887
3292,1,3,4,6,1,4,6,5,1,5,1,1,0.8917463245108356,-0.005524360436810266,-0.6194269716205983
3306,1,6,3,4,0,4,4,7,3,5,1,5,0.932332878241983,1.8412257065152642,0.07016563578523916
3309,0,8,3,4,0,1,1,2,3,5,1,4,-1.1301748847213864,1.3010795133602184,0.07016563578523916
3316,0,2,1,1,0,1,1,1,1,1,2,1,-1.584899964827102,-1.204084686093323,-0.21456318441150887
3317,0,9,1,1,0,1,2,5,1,1,1,1,-0.7718607609964077,-1.204084686093323,-0.6194269716205983
3332,1,6,4,6,0,2,2,5,3,3,1,4,-0.4022057731502161,0.7740557550449166,0.07016563578523916
3343,1,10,5,5,1,4,6,7,2,3,3,2,1.6966135178966604,0.12553213079247608,0.4679751586170238
3346,0,6,4,2,0,1,2,2,1,1,1,2,-0.9244283593455365,-0.4551925376850848,-0.6194269716205983
3365,0,11,2,1,0,4,5,5,1,2,2,1,0.6972726095973313,-0.643632269514061,-0.21456318441150887
3367,1,5,4,7,0,4,5,7,1,2,4,2,1.1710973279945556,-0.11881161756623469,0.27178882756754197
3389,0,3,1,1,0,2,1,1,1,2,1,1,-0.7667762705382174,-0.643632269514061,-0.6194269716205983
3392,1,7,4,7,1,4,2,6,3,5,1,4,0.5217095254077706,1.3010795133602184,0.07016563578523916
3399,0,6,2,1,1,4,4,7,1,1,1,1,0.932332878241983,-1.204084686093323,-0.6194269716205983
3408,0,9,2,1,0,4,3,7,1,1,1,1,0.834777050820967,-1.204084686093323,-0.6194269716205983
3420,0,4,3,1,0,1,1,2,2,4,1,2,-1.1301748847213864,0.3012782263605131,-0.138714742127817
3422,1,7,4,7,0,4,2,5,2,4,1,4,0.4187504168179147,0.9771959950395975,-0.138714742127817
3440,1,3,4,7,0,3,2,5,2,3,1,3,-0.017325778574398248,0.4752937495294623,-0.138714742127817
3444,1,7,4,6,0,2,2,3,4,4,2,2,-0.46514077757936584,0.3012782263605131,0.5353182699545874
3449,0,4,3,1,1,1,1,7,2,3,1,1,-0.945162507290458,-0.36156163354223914,-0.138714742127817
3455,0,7,2,1,0,1,1,1,1,1,1,1,-1.584899964827102,-1.204084686093323,-0.6194269716205983
3458,0,9,2,1,0,2,2,2,2,3,2,4,-0.5414731491146806,0.7740557550449166,0.20409480479440348
3465,1,8,4,7,0,2,2,2,1,3,1,2,-0.5414731491146806,0.12553213079247608,-0.6194269716205983
3470,0,8,2,3,0,1,1,1,1,1,1,1,-1.584899964827102,-1.204084686093323,-0.6194269716205983
3471,0,10,2,1,0,1,1,1,1,2,2,2,-1.584899964827102,-0.11881161756623469,-0.21456318441150887
3476,0,1,1,3,0,1,1,1,1,1,1,1,-1.584899964827102,-1.204084686093323,-0.6194269716205983
3491,0,7,2,1,0,4,2,7,1,1,4,2,0.7460889643831501,-0.4551925376850848,0.27178882756754197
3494,1,6,4,4,0,2,1,2,1,3,3,3,-0.649736249772667,0.4752937495294623,0.052227512737282766
3499,1,6,3,6,0,2,1,2,3,3,2,4,-0.649736249772667,0.7740557550449166,0.41619695773708365
3511,0,3,3,1,0,4,4,7,2,1,1,2,0.932332878241983,-0.4551925376850848,-0.138714742127817
3519,0,9,3,4,0,3,3,2,1,2,3,1,-0.07291448904513023,-0.643632269514061,0.052227512737282766
3522,0,10,2,1,0,1,1,1,1,1,1,1,-1.584899964827102,-1.204084686093323,-0.6194269716205983
3525,0,4,2,1,0,1,1,1,1,1,1,1,-1.584899964827102,-1.204084686093323,-0.6194269716205983
3532,1,7,4,7,1,3,3,5,2,3,4,3,0.0693560313642333,0.4752937495294623,0.7028020303636756
3538,0,9,3,3,0,1,1,1,1,1,4,2,-1.584899964827102,-0.4551925376850848,0.27178882756754197
3544,0,9,2,1,0,4,4,5,1,1,4,2,0.5730600938704432,-0.4551925376850848,0.27178882756754197
3545,1,8,3,4,1,3,5,3,3,3,3,3,0.08246554551496599,0.4752937495294623,0.7003136334555536
3550,0,11,3,1,0,4,6,7,1,1,3,2,1.6966135178966604,-0.4551925376850848,0.052227512737282766
3553,0,4,2,2,0,2,3,1,1,1,4,2,-0.5660078405964595,-0.4551925376850848,0.27178882756754197
3558,1,10,4,4,0,4,2,5,2,4,1,3,0.4187504168179147,0.656604937986723,-0.138714742127817
3561,1,11,4,7,0,3,3,3,5,5,1,5,-0.01175096489321396,1.8412257065152642,0.2144188829397604
3565,0,8,2,2,0,3,5,5,1,1,1,1,0.1681370821309143,-1.204084686093323,-0.6194269716205983
3578,1,9,5,7,1,4,5,7,1,3,1,4,1.1710973279945556,0.7740557550449166,-0.6194269716205983
3582,0,10,1,1,0,2,2,1,1,1,1,2,-0.6379528989777166,-0.4551925376850848,-0.6194269716205983
3587,1,6,3,5,0,1,1,7,2,5,4,2,-0.945162507290458,0.5087615515053516,0.7028020303636756
3592,1,10,4,5,0,2,1,7,5,5,3,1,-0.44628461614644405,-0.005524360436810266,0.8812815864961803
3593,1,9,4,7,0,3,2,7,5,4,4,3,0.134815827468296,0.656604937986723,1.1894972512769666
3596,0,2,2,1,0,1,2,2,1,1,1,1,-0.9244283593455365,-1.204084686093323,-0.6194269716205983
3598,0,10,1,3,0,3,2,6,1,1,2,1,0.06085546390927974,-1.204084686093323,-0.21456318441150887
3626,0,9,3,4,0,3,3,3,1,3,1,2,-0.01175096489321396,0.12553213079247608,-0.6194269716205983
3635,1,11,4,7,1,4,5,7,3,3,3,3,1.1710973279945556,0.4752937495294623,0.7003136334555536
3650,0,5,2,1,0,2,1,2,2,1,2,1,-0.649736249772667,-1.204084686093323,0.20409480479440348
3652,1,3,4,5,0,3,4,7,3,5,1,4,0.29541223139461764,1.3010795133602184,0.07016563578523916
3662,1,9,4,2,0,4,5,6,1,2,1,4,0.8063118780148516,0.5270892828849888,-0.6194269716205983
3664,0,4,3,1,0,1,1,1,1,2,2,1,-1.584899964827102,-0.643632269514061,-0.21456318441150887
3666,0,4,3,3,0,1,1,1,1,1,1,1,-1.584899964827102,-1.204084686093323,-0.6194269716205983
3672,1,11,4,7,1,4,6,7,4,5,2,4,1.6966135178966604,1.3010795133602184,0.5353182699545874
3678,0,10,2,1,1,4,5,7,1,1,1,1,1.1710973279945556,-1.204084686093323,-0.6194269716205983
3696,1,6,5,7,0,2,2,7,3,5,1,5,-0.3242372479301743,1.8412257065152642,0.07016563578523916
3700,1,8,4,7,0,3,2,6,3,5,3,1,0.06085546390927974,-0.005524360436810266,0.7003136334555536
3701,1,12,4,7,0,3,2,5,3,5,3,4,-0.017325778574398248,1.3010795133602184,0.7003136334555536
3703,1,5,3,6,1,4,6,7,1,2,3,4,1.6966135178966604,0.5270892828849888,0.052227512737282766
3717,0,5,3,1,0,2,1,2,2,3,3,2,-0.649736249772667,0.12553213079247608,0.4679751586170238
3723,0,10,3,4,0,4,3,3,1,1,1,1,0.43245017666040364,-1.204084686093323,-0.6194269716205983
3724,0,4,2,1,0,2,5,2,1,1,5,5,-0.42940622026885816,0.5086038905860063,0.38274285616613746
3725,1,8,3,4,1,4,6,7,4,5,4,5,1.6966135178966604,1.8412257065152642,1.1319324779186792
3734,1,6,4,5,1,4,3,7,1,3,1,2,0.834777050820967,0.12553213079247608,-0.6194269716205983
3748,0,3,3,1,0,4,2,1,2,2,1,2,0.2564090096074178,-0.11881161756623469,-0.138714742127817
3749,1,2,3,4,1,4,4,7,1,5,4,4,0.932332878241983,1.3010795133602184,0.27178882756754197
3753,0,8,3,2,0,4,5,7,4,5,4,5,1.1710973279945556,1.8412257065152642,1.1319324779186792
3755,1,3,5,7,1,4,3,7,1,2,4,2,0.834777050820967,-0.11881161756623469,0.27178882756754197
3758,0,3,2,1,0,3,2,6,1,2,2,2,0.06085546390927974,-0.11881161756623469,-0.21456318441150887
3763,1,9,3,4,0,2,1,5,3,4,1,2,-0.5095139442235108,0.3012782263605131,0.07016563578523916
3768,1,9,5,5,1,4,5,4,1,5,2,5,0.6521496199256502,1.8412257065152642,-0.21456318441150887
3769,1,12,4,7,0,4,6,6,2,2,3,3,1.0215343964466774,0.2410719755829464,0.4679751586170238
3771,1,3,4,6,0,4,3,6,1,3,2,3,0.5965038179808805,0.4752937495294623,-0.21456318441150887
3773,1,9,4,5,1,4,5,7,2,5,1,4,1.1710973279945556,1.3010795133602184,-0.138714742127817
3774,1,5,4,7,0,4,5,7,2,5,1,5,1.1710973279945556,1.8412257065152642,-0.138714742127817
3776,1,4,4,7,1,4,5,7,1,5,1,3,1.1710973279945556,0.9000377577600748,-0.6194269716205983
3781,1,12,4,6,0,2,1,6,3,5,1,2,-0.4705588784303862,0.5087615515053516,0.07016563578523916
3807,1,5,4,5,1,4,4,7,2,4,2,4,0.932332878241983,0.9771959950395975,0.20409480479440348
3812,1,3,3,7,0,3,2,2,3,5,3,5,-0.16840158788791199,1.8412257065152642,0.7003136334555536
3824,1,5,4,5,0,3,3,2,3,5,1,2,-0.07291448904513023,0.5087615515053516,0.07016563578523916
3827,1,10,5,6,1,4,4,7,2,4,2,4,0.932332878241983,0.9771959950395975,0.20409480479440348
3833,1,7,4,4,0,3,2,2,5,5,1,5,-0.16840158788791199,1.8412257065152642,0.2144188829397604
3844,1,8,3,5,0,1,2,2,2,5,3,1,-0.9244283593455365,-0.005524360436810266,0.4679751586170238
3852,0,9,3,4,0,3,5,5,3,4,3,4,0.1681370821309143,0.9771959950395975,0.7003136334555536
3858,1,9,4,4,0,4,6,7,3,5,1,3,1.6966135178966604,0.9000377577600748,0.07016563578523916
3886,1,5,4,4,0,1,1,1,2,3,2,3,-1.584899964827102,0.4752937495294623,0.20409480479440348
3919,0,3,3,1,0,4,5,4,1,4,4,1,0.6521496199256502,-0.18568175463072376,0.27178882756754197
3926,0,9,3,4,0,1,2,2,2,5,3,4,-0.9244283593455365,1.3010795133602184,0.4679751586170238
3927,0,5,1,4,0,1,1,1,1,1,1,1,-1.584899964827102,-1.204084686093323,-0.6194269716205983
3935,1,9,4,3,0,3,5,6,1,2,3,1,0.258061988018413,-0.643632269514061,0.052227512737282766
3938,1,5,4,7,0,2,1,2,4,4,4,4,-0.649736249772667,0.9771959950395975,1.1319324779186792
3947,1,6,4,5,0,4,2,7,2,3,1,4,0.7460889643831501,0.7740557550449166,-0.138714742127817
3975,1,9,4,6,0,3,1,3,1,2,1,2,-0.19168062892264578,-0.11881161756623469,-0.6194269716205983
3980,0,4,3,1,0,2,1,6,1,1,1,1,-0.4705588784303862,-1.204084686093323,-0.6194269716205983
3992,1,8,2,4,0,3,1,2,1,2,4,1,-0.27367342426787417,-0.643632269514061,0.27178882756754197
3993,1,9,2,5,0,4,2,6,1,5,1,1,0.5217095254077706,-0.005524360436810266,-0.6194269716205983
3995,1,2,3,5,0,3,1,7,2,4,3,3,0.04907416057739689,0.656604937986723,0.4679751586170238
4000,0,4,2,3,0,3,3,3,1,1,3,1,-0.01175096489321396,-1.204084686093323,0.052227512737282766
4003,1,12,5,7,0,4,3,6,1,5,1,5,0.5965038179808805,1.8412257065152642,-0.6194269716205983
4019,0,3,2,1,0,4,3,5,1,1,1,1,0.4989738850617788,-1.204084686093323,-0.6194269716205983
4020,0,6,1,1,0,1,1,1,1,1,2,1,-1.584899964827102,-1.204084686093323,-0.21456318441150887
4022,0,8,1,3,0,1,1,1,1,1,1,1,-1.584899964827102,-1.204084686093323,-0.6194269716205983
4024,0,3,3,3,0,1,1,1,2,2,3,2,-1.584899964827102,-0.11881161756623469,0.4679751586170238
4025,0,8,1,1,0,1,1,2,1,1,2,1,-1.1301748847213864,-1.204084686093323,-0.21456318441150887
4037,0,3,2,2,0,4,5,6,1,5,3,2,0.8063118780148516,0.5087615515053516,0.052227512737282766
4042,0,5,2,3,0,1,1,1,2,3,1,2,-1.584899964827102,0.12553213079247608,-0.138714742127817
4045,0,9,3,6,0,4,5,6,1,1,3,2,0.8063118780148516,-0.4551925376850848,0.052227512737282766
4054,0,11,3,4,0,3,4,5,1,3,3,2,0.12321677994056492,0.12553213079247608,0.052227512737282766
4059,0,2,2,1,0,4,2,6,1,2,3,1,0.5217095254077706,-0.643632269514061,0.052227512737282766
4069,0,3,2,1,0,4,4,7,1,3,2,2,0.932332878241983,0.12553213079247608,-0.21456318441150887
4074,0,5,3,3,0,1,1,1,1,1,2,2,-1.584899964827102,-0.4551925376850848,-0.21456318441150887
4076,1,3,5,7,0,3,2,7,3,4,3,3,0.134815827468296,0.656604937986723,0.7003136334555536
4096,0,2,1,4,1,4,2,7,1,2,2,2,0.7460889643831501,-0.11881161756623469,-0.21456318441150887
4097,0,3,1,1,0,2,2,6,1,1,3,1,-0.3562917371972849,-1.204084686093323,0.052227512737282766
4101,1,6,4,5,0,3,3,7,1,5,3,3,0.2292131098416408,0.9000377577600748,0.052227512737282766
4104,1,4,5,4,1,4,5,7,3,5,3,5,1.1710973279945556,1.8412257065152642,0.7003136334555536
4106,0,8,3,7,0,2,2,5,1,2,2,4,-0.4022057731502161,0.5270892828849888,-0.21456318441150887
4114,1,11,3,2,0,2,3,2,2,4,3,2,-0.4712378518052408,0.3012782263605131,0.4679751586170238
4129,1,11,4,6,0,3,2,5,2,5,2,2,-0.017325778574398248,0.5087615515053516,0.20409480479440348
4136,1,11,4,7,0,4,5,5,2,2,2,3,0.6972726095973313,0.2410719755829464,0.20409480479440348
4138,0,5,2,3,0,1,2,2,1,1,2,1,-0.9244283593455365,-1.204084686093323,-0.21456318441150887
4147,0,5,2,1,0,3,5,7,1,1,2,2,0.36444640312140714,-0.4551925376850848,-0.21456318441150887
4151,0,6,2,1,0,3,1,2,1,1,2,1,-0.27367342426787417,-1.204084686093323,-0.21456318441150887
4161,0,5,1,1,0,2,1,2,2,1,2,1,-0.649736249772667,-1.204084686093323,0.20409480479440348
4162,1,4,4,4,0,4,6,7,3,5,2,2,1.6966135178966604,0.5087615515053516,0.41619695773708365
4170,1,6,4,4,1,4,2,7,3,5,3,3,0.7460889643831501,0.9000377577600748,0.7003136334555536
4173,0,4,1,4,0,1,1,5,1,1,2,2,-0.9793364833123014,-0.4551925376850848,-0.21456318441150887
4180,1,2,4,5,0,3,3,5,1,2,1,1,0.0693560313642333,-0.643632269514061,-0.6194269716205983
4191,1,11,4,5,0,4,6,7,2,5,1,5,1.6966135178966604,1.8412257065152642,-0.138714742127817
4198,0,12,3,4,0,4,6,7,1,1,3,1,1.6966135178966604,-1.204084686093323,0.052227512737282766
4199,1,12,4,7,0,4,6,7,4,5,2,4,1.6966135178966604,1.3010795133602184,0.5353182699545874
4201,0,12,3,2,0,2,4,2,3,2,1,2,-0.44425078098387744,-0.11881161756623469,0.07016563578523916
4205,1,8,3,4,0,3,2,6,2,2,1,2,0.06085546390927974,-0.11881161756623469,-0.138714742127817
4212,0,11,4,7,0,3,3,5,2,5,1,2,0.0693560313642333,0.5087615515053516,-0.138714742127817
4216,1,11,5,4,1,4,6,6,4,3,3,4,1.0215343964466774,0.7740557550449166,0.8370448206710984
4225,0,3,1,3,0,4,1,7,2,1,1,1,0.696112982276354,-1.204084686093323,-0.138714742127817
4238,0,9,2,1,0,1,1,7,1,1,1,1,-0.945162507290458,-1.204084686093323,-0.6194269716205983
4255,0,3,3,1,1,4,2,7,1,1,1,1,0.7460889643831501,-1.204084686093323,-0.6194269716205983
4256,0,4,3,2,0,1,2,1,2,1,4,4,-1.152458049214514,0.22698873787419577,0.7028020303636756
4275,0,4,2,3,1,3,2,7,2,3,2,3,0.134815827468296,0.4752937495294623,0.20409480479440348
4277,1,4,3,2,0,3,2,3,2,1,3,4,-0.10051965377540337,0.22698873787419577,0.4679751586170238
4279,0,7,3,1,0,1,1,1,1,2,2,1,-1.584899964827102,-0.643632269514061,-0.21456318441150887
4306,1,11,3,4,0,3,4,3,2,5,1,3,0.04092704110510598,0.9000377577600748,-0.138714742127817
4314,1,7,3,4,0,3,2,3,3,5,2,2,-0.10051965377540337,0.5087615515053516,0.41619695773708365
4316,0,1,3,2,0,4,5,7,1,2,1,2,1.1710973279945556,-0.11881161756623469,-0.6194269716205983
4325,1,10,4,7,0,3,3,5,3,4,1,2,0.0693560313642333,0.3012782263605131,0.07016563578523916
4327,0,7,5,5,0,4,5,5,1,2,1,2,0.6972726095973313,-0.11881161756623469,-0.6194269716205983
4329,0,5,3,1,0,2,3,2,1,3,3,5,-0.4712378518052408,1.0932087936347323,0.052227512737282766
4334,0,5,3,4,0,2,3,5,1,1,2,1,-0.3207903715799198,-1.204084686093323,-0.21456318441150887
4343,1,10,4,7,0,2,2,5,1,1,3,2,-0.4022057731502161,-0.4551925376850848,0.052227512737282766
4371,0,12,2,1,0,1,1,1,2,2,2,2,-1.584899964827102,-0.11881161756623469,0.20409480479440348
4373,0,1,1,1,0,1,1,1,1,1,1,1,-1.584899964827102,-1.204084686093323,-0.6194269716205983
4390,0,6,1,3,0,1,1,2,1,1,1,1,-1.1301748847213864,-1.204084686093323,-0.6194269716205983
4408,0,7,1,1,0,1,3,2,1,1,2,1,-0.8597065631624138,-1.204084686093323,-0.21456318441150887
4411,0,4,4,1,0,4,4,6,1,1,2,1,0.6704326932816763,-1.204084686093323,-0.21456318441150887
4417,0,5,1,2,0,2,5,2,1,1,2,1,-0.42940622026885816,-1.204084686093323,-0.21456318441150887
4426,1,4,5,7,1,4,6,7,1,3,3,3,1.6966135178966604,0.4752937495294623,0.052227512737282766
4428,0,4,3,2,0,4,6,7,2,4,1,2,1.6966135178966604,0.3012782263605131,-0.138714742127817
4430,0,8,3,2,1,4,5,7,2,3,2,4,1.1710973279945556,0.7740557550449166,0.20409480479440348
4440,1,1,4,5,0,2,1,7,5,5,1,3,-0.44628461614644405,0.9000377577600748,0.2144188829397604
4441,1,7,5,7,1,3,1,5,3,5,3,3,-0.10249093214282179,0.9000377577600748,0.7003136334555536
4458,1,9,4,5,0,1,1,1,3,5,3,3,-1.584899964827102,0.9000377577600748,0.7003136334555536
4460,1,9,4,4,0,3,2,6,3,4,1,4,0.06085546390927974,0.9771959950395975,0.07016563578523916
4474,1,4,4,4,0,3,2,7,4,4,4,2,0.134815827468296,0.3012782263605131,1.1319324779186792
4477,1,3,3,6,0,4,5,3,2,5,1,4,0.6327096100969202,1.3010795133602184,-0.138714742127817
4481,1,8,3,6,0,3,1,5,2,2,4,4,-0.10249093214282179,0.5270892828849888,0.7028020303636756
4482,1,1,4,7,0,4,5,6,2,3,2,4,0.8063118780148516,0.7740557550449166,0.20409480479440348
4484,0,3,2,1,0,1,1,2,1,1,1,1,-1.1301748847213864,-1.204084686093323,-0.6194269716205983
4485,0,7,3,4,0,2,3,5,2,2,3,2,-0.3207903715799198,-0.11881161756623469,0.4679751586170238
4490,1,9,3,6,0,4,5,6,3,3,4,2,0.8063118780148516,0.12553213079247608,0.9671601641532525
4492,1,6,4,6,1,4,4,7,2,4,4,2,0.932332878241983,0.3012782263605131,0.7028020303636756
4494,0,6,3,1,0,4,5,5,1,1,4,1,0.6972726095973313,-1.204084686093323,0.27178882756754197
4500,1,12,4,5,1,4,5,7,1,4,3,4,1.1710973279945556,0.9771959950395975,0.052227512737282766
4502,0,12,3,1,0,1,2,2,1,1,1,1,-0.9244283593455365,-1.204084686093323,-0.6194269716205983
4503,0,10,2,4,0,3,2,2,1,3,1,1,-0.16840158788791199,-0.36156163354223914,-0.6194269716205983
4516,0,6,3,2,0,2,5,2,1,1,4,2,-0.42940622026885816,-0.4551925376850848,0.27178882756754197
4534,1,9,3,6,0,1,1,1,3,2,3,2,-1.584899964827102,-0.11881161756623469,0.7003136334555536
4539,0,9,2,2,0,1,1,1,1,2,1,2,-1.584899964827102,-0.11881161756623469,-0.6194269716205983
4542,1,10,5,7,1,4,5,7,1,5,1,4,1.1710973279945556,1.3010795133602184,-0.6194269716205983
4560,1,7,3,6,0,2,1,3,2,4,2,3,-0.5681070390347422,0.656604937986723,0.20409480479440348
4573,0,6,3,6,0,1,1,1,2,2,2,3,-1.584899964827102,0.2410719755829464,0.20409480479440348
4589,0,8,2,1,0,2,1,2,1,1,1,2,-0.649736249772667,-0.4551925376850848,-0.6194269716205983
4615,0,11,3,1,0,1,1,1,1,3,4,1,-1.584899964827102,-0.36156163354223914,0.27178882756754197
4623,1,5,2,6,0,4,5,7,3,5,3,1,1.1710973279945556,-0.005524360436810266,0.7003136334555536
4627,1,2,4,2,0,3,2,3,1,5,1,2,-0.10051965377540337,0.5087615515053516,-0.6194269716205983
4632,1,10,4,7,1,3,3,3,1,3,2,4,-0.01175096489321396,0.7740557550449166,-0.21456318441150887
4643,1,5,4,5,0,3,1,4,1,3,2,3,-0.15362089301338536,0.4752937495294623,-0.21456318441150887
4656,1,5,3,3,0,2,2,2,1,2,1,2,-0.5414731491146806,-0.11881161756623469,-0.6194269716205983
4657,1,2,5,7,1,4,5,7,2,4,4,1,1.1710973279945556,-0.18568175463072376,0.7028020303636756
4663,0,12,2,1,0,4,5,6,1,1,1,1,0.8063118780148516,-1.204084686093323,-0.6194269716205983
4664,0,11,2,3,0,3,4,3,3,2,1,4,0.04092704110510598,0.5270892828849888,0.07016563578523916
4670,1,5,3,5,0,4,4,5,3,3,2,4,0.5730600938704432,0.7740557550449166,0.41619695773708365
4673,0,8,2,1,0,3,2,6,1,2,1,1,0.06085546390927974,-0.643632269514061,-0.6194269716205983
4676,1,6,5,7,0,3,3,3,5,5,4,4,-0.01175096489321396,1.3010795133602184,1.1894972512769666
4683,1,5,3,6,0,2,1,6,2,4,4,2,-0.4705588784303862,0.3012782263605131,0.7028020303636756
4684,1,3,3,4,0,3,1,6,1,2,2,4,-0.022651234718676787,0.5270892828849888,-0.21456318441150887
4685,0,5,2,1,0,1,1,1,2,1,1,1,-1.584899964827102,-1.204084686093323,-0.138714742127817
4695,1,5,4,7,1,4,5,7,1,3,4,1,1.1710973279945556,-0.36156163354223914,0.27178882756754197
4697,1,3,4,5,0,3,2,2,3,5,1,2,-0.16840158788791199,0.5087615515053516,0.07016563578523916
4699,0,5,3,4,0,1,1,1,2,2,2,2,-1.584899964827102,-0.11881161756623469,0.20409480479440348
4712,0,5,2,1,0,1,1,1,1,1,1,1,-1.584899964827102,-1.204084686093323,-0.6194269716205983
4714,0,8,3,4,0,1,1,1,1,1,1,1,-1.584899964827102,-1.204084686093323,-0.6194269716205983
4719,1,3,4,7,1,4,5,7,1,2,3,4,1.1710973279945556,0.5270892828849888,0.052227512737282766
4721,1,5,4,7,1,4,4,6,3,3,2,3,0.6704326932816763,0.4752937495294623,0.41619695773708365
4722,0,2,2,1,0,4,1,6,1,3,1,3,0.4737311199679708,0.4752937495294623,-0.6194269716205983
4725,0,10,3,3,0,1,1,1,1,2,3,2,-1.584899964827102,-0.11881161756623469,0.052227512737282766
4747,1,8,4,5,1,4,2,7,1,5,3,4,0.7460889643831501,1.3010795133602184,0.052227512737282766
4754,0,11,1,1,0,1,1,1,1,1,2,2,-1.584899964827102,-0.4551925376850848,-0.21456318441150887
4755,1,8,4,4,0,3,3,2,3,5,1,4,-0.07291448904513023,1.3010795133602184,0.07016563578523916
4756,0,12,1,1,0,1,1,1,1,1,2,1,-1.584899964827102,-1.204084686093323,-0.21456318441150887
4760,0,11,4,6,0,4,5,7,2,3,1,4,1.1710973279945556,0.7740557550449166,-0.138714742127817
4761,1,10,5,5,1,4,5,7,1,4,4,3,1.1710973279945556,0.656604937986723,0.27178882756754197
4769,1,6,4,2,0,4,2,7,1,2,3,2,0.7460889643831501,-0.11881161756623469,0.052227512737282766
4775,0,3,3,4,0,1,1,1,1,5,4,2,-1.584899964827102,0.5087615515053516,0.27178882756754197
4779,1,2,4,6,1,4,3,5,1,3,3,1,0.4989738850617788,-0.36156163354223914,0.052227512737282766
4800,0,2,2,3,0,3,1,2,1,2,1,1,-0.27367342426787417,-0.643632269514061,-0.6194269716205983
4810,0,9,1,1,0,3,1,6,1,1,3,1,-0.022651234718676787,-1.204084686093323,0.052227512737282766
4811,1,10,4,6,0,1,2,2,3,3,4,2,-0.9244283593455365,0.12553213079247608,0.9671601641532525
4815,0,6,3,3,0,3,5,5,1,1,1,1,0.1681370821309143,-1.204084686093323,-0.6194269716205983
4819,0,3,3,3,0,2,3,3,2,2,1,2,-0.39255380507813586,-0.11881161756623469,-0.138714742127817
4820,1,12,5,5,0,4,6,6,3,5,3,4,1.0215343964466774,1.3010795133602184,0.7003136334555536
4834,1,2,5,7,0,4,5,5,1,3,4,5,0.6972726095973313,1.0932087936347323,0.27178882756754197
4844,0,12,2,1,0,1,1,1,1,1,1,2,-1.584899964827102,-0.4551925376850848,-0.6194269716205983
4848,0,2,3,1,0,3,4,7,1,1,3,1,0.29541223139461764,-1.204084686093323,0.052227512737282766
4852,1,6,4,7,1,3,3,5,2,5,4,4,0.0693560313642333,1.3010795133602184,0.7028020303636756
4861,1,10,3,4,1,4,2,7,1,4,1,5,0.7460889643831501,1.3298586245636885,-0.6194269716205983
4862,1,4,4,5,0,3,1,1,3,5,1,1,-0.37133472909038423,-0.005524360436810266,0.07016563578523916
4869,1,6,3,5,1,3,3,5,2,4,4,4,0.0693560313642333,0.9771959950395975,0.7028020303636756
4891,1,4,4,7,1,4,6,7,3,4,5,1,1.6966135178966604,-0.18568175463072376,1.1237517384789526
4909,1,10,4,6,0,2,2,4,1,3,2,2,-0.43513535346100224,0.12553213079247608,-0.21456318441150887
4912,1,5,4,6,0,3,2,6,2,4,3,1,0.06085546390927974,-0.18568175463072376,0.4679751586170238
4917,1,6,4,4,0,3,3,7,1,5,4,1,0.2292131098416408,-0.005524360436810266,0.27178882756754197
4936,1,4,5,7,1,4,6,7,1,1,3,4,1.6966135178966604,0.22698873787419577,0.052227512737282766
4946,1,5,5,7,1,4,5,7,4,3,4,4,1.1710973279945556,0.7740557550449166,1.1319324779186792
4962,0,10,1,3,0,1,1,1,1,1,1,1,-1.584899964827102,-1.204084686093323,-0.6194269716205983
4963,0,4,3,1,0,1,1,1,1,1,1,1,-1.584899964827102,-1.204084686093323,-0.6194269716205983
4967,0,3,2,1,0,4,2,5,1,1,1,1,0.4187504168179147,-1.204084686093323,-0.6194269716205983
4973,1,10,4,6,0,2,2,6,5,5,2,3,-0.3562917371972849,0.9000377577600748,0.5717403456485417
4986,1,8,4,6,1,4,5,6,1,3,3,1,0.8063118780148516,-0.36156163354223914,0.052227512737282766
4990,0,3,2,2,1,4,5,6,2,3,3,3,0.8063118780148516,0.4752937495294623,0.4679751586170238
4997,1,11,4,6,0,4,5,7,5,5,1,5,1.1710973279945556,1.8412257065152642,0.2144188829397604
5008,0,6,3,6,1,4,5,6,1,1,1,2,0.8063118780148516,-0.4551925376850848,-0.6194269716205983
5016,0,9,2,2,0,2,3,2,1,1,2,1,-0.4712378518052408,-1.204084686093323,-0.21456318441150887
5020,0,9,3,3,0,2,1,2,1,1,3,2,-0.649736249772667,-0.4551925376850848,0.052227512737282766
5021,0,6,3,1,1,3,2,7,1,2,3,4,0.134815827468296,0.5270892828849888,0.052227512737282766
5023,1,5,4,5,0,4,5,6,2,4,3,4,0.8063118780148516,0.9771959950395975,0.4679751586170238
5032,0,11,4,5,1,4,5,7,1,2,2,4,1.1710973279945556,0.5270892828849888,-0.21456318441150887
5040,1,2,4,4,0,2,1,1,4,5,4,4,-0.7667762705382174,1.3010795133602184,1.1319324779186792
5041,1,4,5,7,1,4,3,4,3,5,1,4,0.4541325843654094,1.3010795133602184,0.07016563578523916
5049,1,12,5,7,0,2,1,1,4,5,1,5,-0.7667762705382174,1.8412257065152642,0.181904360939088
5051,1,6,5,7,0,3,3,2,2,3,2,2,-0.07291448904513023,0.12553213079247608,0.20409480479440348
5056,0,10,2,2,0,3,5,5,2,2,2,2,0.1681370821309143,-0.11881161756623469,0.20409480479440348
5070,1,4,3,4,0,3,1,7,1,3,3,2,0.04907416057739689,0.12553213079247608,0.052227512737282766
5073,1,9,2,4,1,4,3,4,1,4,1,3,0.4541325843654094,0.656604937986723,-0.6194269716205983
5086,0,5,2,3,0,1,1,1,1,1,2,2,-1.584899964827102,-0.4551925376850848,-0.21456318441150887
5094,0,7,3,3,0,1,1,1,1,1,1,2,-1.584899964827102,-0.4551925376850848,-0.6194269716205983
5095,1,4,4,6,1,4,5,7,2,4,2,2,1.1710973279945556,0.3012782263605131,0.20409480479440348
5100,1,7,4,6,0,4,4,4,1,2,3,4,0.5303360152211162,0.5270892828849888,0.052227512737282766
5104,0,9,4,4,0,1,1,1,1,3,1,1,-1.584899964827102,-0.36156163354223914,-0.6194269716205983
5112,1,10,4,5,0,3,5,2,3,4,1,3,0.022265556022429397,0.656604937986723,0.07016563578523916
5117,1,9,4,7,0,2,1,1,2,3,3,2,-0.7667762705382174,0.12553213079247608,0.4679751586170238
5119,0,6,4,4,0,1,1,1,5,5,3,5,-1.584899964827102,1.8412257065152642,0.8812815864961803
5131,0,3,4,1,1,4,5,7,1,1,2,1,1.1710973279945556,-1.204084686093323,-0.21456318441150887
5154,1,6,4,7,0,3,2,5,2,4,2,2,-0.017325778574398248,0.3012782263605131,0.20409480479440348
5155,0,2,2,1,1,4,5,7,2,1,3,4,1.1710973279945556,0.22698873787419577,0.4679751586170238
5160,0,6,2,1,0,1,1,2,1,1,1,1,-1.1301748847213864,-1.204084686093323,-0.6194269716205983
5162,0,6,3,2,0,1,1,1,1,5,2,2,-1.584899964827102,0.5087615515053516,-0.21456318441150887
5165,1,9,4,7,0,3,1,2,5,5,1,5,-0.27367342426787417,1.8412257065152642,0.2144188829397604
5191,0,7,1,1,1,4,2,7,1,2,2,2,0.7460889643831501,-0.11881161756623469,-0.21456318441150887
5203,1,3,4,7,0,4,3,7,3,5,3,1,0.834777050820967,-0.005524360436810266,0.7003136334555536
5209,0,8,3,6,0,4,5,6,2,5,2,3,0.8063118780148516,0.9000377577600748,0.20409480479440348
5217,0,1,1,1,0,2,1,2,1,1,1,1,-0.649736249772667,-1.204084686093323,-0.6194269716205983
5220,0,11,1,1,0,1,2,5,1,2,2,2,-0.7718607609964077,-0.11881161756623469,-0.21456318441150887
5221,1,11,3,5,0,4,1,7,1,4,3,4,0.696112982276354,0.9771959950395975,0.052227512737282766
5235,1,10,3,5,1,3,4,5,2,4,3,2,0.12321677994056492,0.3012782263605131,0.4679751586170238
5253,0,8,4,2,0,4,4,5,1,1,1,2,0.5730600938704432,-0.4551925376850848,-0.6194269716205983
5254,0,8,2,1,0,2,2,5,1,2,2,2,-0.4022057731502161,-0.11881161756623469,-0.21456318441150887
5258,1,3,4,6,0,2,1,2,5,1,5,4,-0.649736249772667,0.22698873787419577,1.3862140568107622
5289,0,10,4,4,0,4,5,7,1,3,1,4,1.1710973279945556,0.7740557550449166,-0.6194269716205983
5295,0,3,2,4,0,3,2,3,3,3,1,1,-0.10051965377540337,-0.36156163354223914,0.07016563578523916
5299,1,8,5,7,0,1,1,1,2,5,1,2,-1.584899964827102,0.5087615515053516,-0.138714742127817
5301,1,8,3,6,0,2,1,2,2,4,1,3,-0.649736249772667,0.656604937986723,-0.138714742127817
5312,1,6,5,7,1,4,6,7,1,5,1,3,1.6966135178966604,0.9000377577600748,-0.6194269716205983
5313,0,11,4,5,1,4,5,7,1,3,1,2,1.1710973279945556,0.12553213079247608,-0.6194269716205983
5323,1,6,4,7,0,2,2,2,3,5,3,3,-0.5414731491146806,0.9000377577600748,0.7003136334555536
5324,1,10,5,7,1,4,5,6,2,4,1,4,0.8063118780148516,0.9771959950395975,-0.138714742127817
5328,0,5,1,1,0,3,2,2,1,1,1,1,-0.16840158788791199,-1.204084686093323,-0.6194269716205983
5335,1,8,4,5,0,4,1,7,4,5,2,3,0.696112982276354,0.9000377577600748,0.5353182699545874
5336,1,1,4,1,1,4,2,7,1,5,1,1,0.7460889643831501,-0.005524360436810266,-0.6194269716205983
5340,1,3,4,7,1,4,6,6,1,4,2,4,1.0215343964466774,0.9771959950395975,-0.21456318441150887
5344,1,11,4,7,0,4,5,6,1,5,3,4,0.8063118780148516,1.3010795133602184,0.052227512737282766
5345,0,6,2,1,0,2,2,2,1,1,1,5,-0.5414731491146806,0.5086038905860063,-0.6194269716205983
5349,0,9,2,1,0,2,1,2,1,2,1,1,-0.649736249772667,-0.643632269514061,-0.6194269716205983
5386,1,3,4,7,1,3,2,5,3,5,4,5,-0.017325778574398248,1.8412257065152642,0.9671601641532525
5422,0,5,1,1,0,1,1,1,1,1,1,1,-1.584899964827102,-1.204084686093323,-0.6194269716205983
5427,1,6,4,4,1,2,3,6,3,5,3,4,-0.26338738855944444,1.3010795133602184,0.7003136334555536
5432,1,3,3,5,0,3,2,6,2,2,2,2,0.06085546390927974,-0.11881161756623469,0.20409480479440348
5434,0,8,3,3,0,4,5,7,1,1,2,1,1.1710973279945556,-1.204084686093323,-0.21456318441150887
5435,0,1,2,1,0,1,1,1,1,1,2,1,-1.584899964827102,-1.204084686093323,-0.21456318441150887
5456,0,5,2,1,1,4,6,7,1,2,1,2,1.6966135178966604,-0.11881161756623469,-0.6194269716205983
5463,1,9,4,7,1,4,2,6,2,4,1,4,0.5217095254077706,0.9771959950395975,-0.138714742127817
5465,1,3,5,7,0,3,2,6,2,5,3,1,0.06085546390927974,-0.005524360436810266,0.4679751586170238
5470,0,6,2,1,0,1,3,1,2,2,1,2,-1.0864892342627632,-0.11881161756623469,-0.138714742127817
5474,1,4,5,5,1,4,2,7,4,5,1,5,0.7460889643831501,1.8412257065152642,0.181904360939088
5478,0,10,2,1,0,1,1,2,1,4,2,4,-1.1301748847213864,0.9771959950395975,-0.21456318441150887
5481,0,10,3,3,0,1,2,5,3,4,2,1,-0.7718607609964077,-0.18568175463072376,0.41619695773708365
5488,0,5,3,2,0,2,5,6,2,2,2,3,-0.18218419253977838,0.2410719755829464,0.20409480479440348
5493,0,6,3,1,0,4,5,7,1,4,2,4,1.1710973279945556,0.9771959950395975,-0.21456318441150887
5513,0,11,2,3,0,1,1,1,1,1,2,1,-1.584899964827102,-1.204084686093323,-0.21456318441150887
5522,0,8,2,1,0,4,3,5,1,1,2,1,0.4989738850617788,-1.204084686093323,-0.21456318441150887
5523,1,11,3,7,0,3,4,4,1,3,3,3,0.07311750016107817,0.4752937495294623,0.052227512737282766
5528,1,3,4,5,1,4,4,6,3,4,2,2,0.6704326932816763,0.3012782263605131,0.41619695773708365
5530,1,6,5,5,1,4,6,7,1,3,1,2,1.6966135178966604,0.12553213079247608,-0.6194269716205983
5534,1,2,4,5,0,2,2,2,3,5,1,4,-0.5414731491146806,1.3010795133602184,0.07016563578523916
5536,0,6,2,1,0,1,1,1,1,1,2,2,-1.584899964827102,-0.4551925376850848,-0.21456318441150887
5541,1,8,1,4,0,1,1,1,2,1,2,1,-1.584899964827102,-1.204084686093323,0.20409480479440348
5553,0,9,3,4,0,3,2,5,3,5,2,4,-0.017325778574398248,1.3010795133602184,0.41619695773708365
5556,1,3,3,5,1,1,1,2,3,5,1,4,-1.1301748847213864,1.3010795133602184,0.07016563578523916
5564,0,12,3,2,0,1,1,1,1,1,2,1,-1.584899964827102,-1.204084686093323,-0.21456318441150887
5565,1,8,4,5,1,4,5,7,1,3,1,3,1.1710973279945556,0.4752937495294623,-0.6194269716205983
5566,1,10,3,5,0,1,1,2,3,3,2,4,-1.1301748847213864,0.7740557550449166,0.41619695773708365
5577,0,5,3,3,0,3,3,6,1,3,1,2,0.14887011884293536,0.12553213079247608,-0.6194269716205983
5582,0,2,2,2,0,2,2,3,2,2,3,2,-0.46514077757936584,-0.11881161756623469,0.4679751586170238
5586,0,8,3,4,0,1,1,1,1,1,1,1,-1.584899964827102,-1.204084686093323,-0.6194269716205983
5588,0,8,2,3,0,1,1,1,1,1,2,1,-1.584899964827102,-1.204084686093323,-0.21456318441150887
5591,1,5,4,5,1,4,3,5,1,2,1,2,0.4989738850617788,-0.11881161756623469,-0.6194269716205983
5601,0,9,2,1,0,3,2,2,1,1,4,2,-0.16840158788791199,-0.4551925376850848,0.27178882756754197
5616,0,12,2,1,0,1,1,1,1,2,3,2,-1.584899964827102,-0.11881161756623469,0.052227512737282766
5620,0,5,1,3,0,1,1,1,1,1,2,2,-1.584899964827102,-0.4551925376850848,-0.21456318441150887
5629,0,9,3,6,1,4,5,5,1,2,2,2,0.6972726095973313,-0.11881161756623469,-0.21456318441150887
5640,0,8,1,3,0,3,3,2,1,1,1,1,-0.07291448904513023,-1.204084686093323,-0.6194269716205983
5642,0,2,3,4,0,2,1,3,1,1,3,1,-0.5681070390347422,-1.204084686093323,0.052227512737282766
5645,0,5,2,1,1,4,5,7,1,1,2,2,1.1710973279945556,-0.4551925376850848,-0.21456318441150887
5653,0,4,2,1,1,4,5,7,1,1,2,1,1.1710973279945556,-1.204084686093323,-0.21456318441150887
5658,1,3,5,7,1,4,6,7,3,5,1,3,1.6966135178966604,0.9000377577600748,0.07016563578523916
5675,1,9,4,6,1,3,5,7,3,4,2,2,0.36444640312140714,0.3012782263605131,0.41619695773708365
5690,0,7,3,2,0,3,4,7,1,1,1,1,0.29541223139461764,-1.204084686093323,-0.6194269716205983
5703,0,10,4,4,0,3,2,5,3,5,1,5,-0.017325778574398248,1.8412257065152642,0.07016563578523916
5723,0,5,1,3,0,3,1,2,1,1,1,1,-0.27367342426787417,-1.204084686093323,-0.6194269716205983
5724,0,10,2,1,0,3,3,3,1,2,3,2,-0.01175096489321396,-0.11881161756623469,0.052227512737282766
5725,1,4,4,5,0,2,2,7,1,5,1,4,-0.3242372479301743,1.3010795133602184,-0.6194269716205983
5729,1,1,3,7,1,4,3,7,1,3,2,4,0.834777050820967,0.7740557550449166,-0.21456318441150887
5740,0,8,1,1,1,4,4,7,1,1,1,1,0.932332878241983,-1.204084686093323,-0.6194269716205983
5751,0,6,3,3,0,2,2,1,1,1,2,1,-0.6379528989777166,-1.204084686093323,-0.21456318441150887
5755,1,5,4,4,0,4,5,4,2,2,4,2,0.6521496199256502,-0.11881161756623469,0.7028020303636756
5756,0,9,3,4,0,2,2,2,1,2,1,2,-0.5414731491146806,-0.11881161756623469,-0.6194269716205983
5766,1,5,4,7,0,2,1,5,2,2,4,4,-0.5095139442235108,0.5270892828849888,0.7028020303636756
5775,0,9,2,1,0,1,1,1,1,1,1,1,-1.584899964827102,-1.204084686093323,-0.6194269716205983
5776,1,7,4,7,0,4,6,7,4,3,2,4,1.6966135178966604,0.7740557550449166,0.5353182699545874
5777,1,9,4,5,0,4,5,7,1,4,1,3,1.1710973279945556,0.656604937986723,-0.6194269716205983
5785,1,6,5,4,0,4,1,7,3,4,1,1,0.696112982276354,-0.18568175463072376,0.07016563578523916
5789,1,7,4,6,0,4,5,7,1,2,3,4,1.1710973279945556,0.5270892828849888,0.052227512737282766
5806,0,1,3,1,0,3,5,7,1,1,1,1,0.36444640312140714,-1.204084686093323,-0.6194269716205983
5812,0,3,3,4,1,4,2,7,1,1,5,1,0.7460889643831501,-1.204084686093323,0.38274285616613746
5822,1,7,3,5,0,2,2,2,1,5,4,1,-0.5414731491146806,-0.005524360436810266,0.27178882756754197
5827,0,4,3,4,0,4,6,7,1,3,1,5,1.6966135178966604,1.0932087936347323,-0.6194269716205983
5831,1,7,4,6,0,4,2,5,1,4,2,5,0.4187504168179147,1.3298586245636885,-0.21456318441150887
5845,0,9,1,1,0,1,1,1,1,1,5,1,-1.584899964827102,-1.204084686093323,0.38274285616613746
5851,1,8,3,7,0,3,3,5,1,5,1,1,0.0693560313642333,-0.005524360436810266,-0.6194269716205983
5869,0,9,3,2,0,2,2,2,1,1,2,1,-0.5414731491146806,-1.204084686093323,-0.21456318441150887
5879,1,6,4,6,0,4,5,7,3,5,1,4,1.1710973279945556,1.3010795133602184,0.07016563578523916
5882,0,11,3,1,0,4,4,5,4,1,1,2,0.5730600938704432,-0.4551925376850848,0.181904360939088
5885,1,10,4,5,1,3,3,3,3,4,2,4,-0.01175096489321396,0.9771959950395975,0.41619695773708365
5890,1,8,4,5,0,4,6,7,3,5,1,2,1.6966135178966604,0.5087615515053516,0.07016563578523916
5896,1,8,4,7,1,3,2,2,1,5,1,2,-0.16840158788791199,0.5087615515053516,-0.6194269716205983
5910,0,5,3,4,0,2,1,7,1,4,1,1,-0.44628461614644405,-0.18568175463072376,-0.6194269716205983
5921,0,3,2,1,0,3,1,1,2,3,3,2,-0.37133472909038423,0.12553213079247608,0.4679751586170238
5932,1,4,3,3,0,2,1,7,2,2,4,2,-0.44628461614644405,-0.11881161756623469,0.7028020303636756
5952,1,2,4,7,1,4,6,6,1,3,3,3,1.0215343964466774,0.4752937495294623,0.052227512737282766
5956,0,10,3,3,1,4,5,7,1,1,1,1,1.1710973279945556,-1.204084686093323,-0.6194269716205983
5994,1,10,4,5,0,1,1,2,3,2,2,2,-1.1301748847213864,-0.11881161756623469,0.41619695773708365
5996,0,12,3,3,0,1,1,2,2,3,2,1,-1.1301748847213864,-0.36156163354223914,0.20409480479440348
5998,1,12,4,6,0,3,2,5,2,3,3,3,-0.017325778574398248,0.4752937495294623,0.4679751586170238
6000,0,4,3,4,0,1,1,1,3,5,4,3,-1.584899964827102,0.9000377577600748,0.9671601641532525
6005,0,10,2,1,0,3,3,6,1,3,2,2,0.14887011884293536,0.12553213079247608,-0.21456318441150887
6008,1,3,4,7,1,4,2,7,3,3,3,3,0.7460889643831501,0.4752937495294623,0.7003136334555536
6028,0,9,3,3,0,4,5,7,1,2,3,2,1.1710973279945556,-0.11881161756623469,0.052227512737282766
6036,0,7,3,4,0,2,3,7,2,2,1,3,-0.21771657347885395,0.2410719755829464,-0.138714742127817
6039,0,8,3,1,0,3,5,3,1,1,1,1,0.08246554551496599,-1.204084686093323,-0.6194269716205983
6054,0,4,2,1,1,4,6,6,1,1,1,1,1.0215343964466774,-1.204084686093323,-0.6194269716205983
6055,0,4,2,1,1,4,5,7,1,1,3,1,1.1710973279945556,-1.204084686093323,0.052227512737282766
6064,1,6,4,7,1,4,1,7,1,5,4,2,0.696112982276354,0.5087615515053516,0.27178882756754197
6084,1,10,4,6,1,4,5,6,3,2,1,2,0.8063118780148516,-0.11881161756623469,0.07016563578523916
6097,0,11,2,1,1,4,5,6,1,1,1,1,0.8063118780148516,-1.204084686093323,-0.6194269716205983
6112,1,9,4,6,0,1,2,2,2,4,5,3,-0.9244283593455365,0.656604937986723,0.8314065579271005
6125,1,10,4,5,1,4,3,7,1,4,3,2,0.834777050820967,0.3012782263605131,0.052227512737282766
6133,1,6,4,7,1,4,5,6,2,2,2,2,0.8063118780148516,-0.11881161756623469,0.20409480479440348
6135,0,5,3,1,0,1,2,1,1,1,1,1,-1.152458049214514,-1.204084686093323,-0.6194269716205983
6137,0,11,1,1,0,3,5,1,1,1,1,1,-0.033556801929712554,-1.204084686093323,-0.6194269716205983
6142,0,12,3,2,0,3,4,5,1,1,2,2,0.12321677994056492,-0.4551925376850848,-0.21456318441150887
6148,1,9,3,4,0,1,1,1,2,2,1,4,-1.584899964827102,0.5270892828849888,-0.138714742127817
6153,0,12,3,4,0,1,1,2,3,2,3,4,-1.1301748847213864,0.5270892828849888,0.7003136334555536
6168,0,8,3,4,0,2,2,7,1,1,1,1,-0.3242372479301743,-1.204084686093323,-0.6194269716205983
6172,1,7,4,4,0,3,2,5,5,2,3,3,-0.017325778574398248,0.2410719755829464,0.8812815864961803
6174,0,4,1,1,0,2,3,2,1,1,3,1,-0.4712378518052408,-1.204084686093323,0.052227512737282766
6185,0,9,1,1,0,1,1,2,1,2,1,2,-1.1301748847213864,-0.11881161756623469,-0.6194269716205983
6210,1,6,5,7,1,4,6,7,3,4,1,3,1.6966135178966604,0.656604937986723,0.07016563578523916
6212,0,4,4,1,0,4,6,5,1,1,1,1,0.8917463245108356,-1.204084686093323,-0.6194269716205983
6223,1,7,4,6,1,3,2,7,2,4,2,3,0.134815827468296,0.656604937986723,0.20409480479440348
6238,0,7,2,1,0,4,5,7,1,1,1,1,1.1710973279945556,-1.204084686093323,-0.6194269716205983
6241,0,5,1,3,0,2,1,5,1,1,1,1,-0.5095139442235108,-1.204084686093323,-0.6194269716205983
6244,1,2,3,6,0,3,2,4,2,2,3,2,-0.0663052999726259,-0.11881161756623469,0.4679751586170238
6245,0,2,1,1,0,4,2,7,1,1,1,1,0.7460889643831501,-1.204084686093323,-0.6194269716205983
6248,0,9,2,1,0,4,4,7,1,2,2,3,0.932332878241983,0.2410719755829464,-0.21456318441150887
6252,0,3,3,1,0,3,3,7,1,3,4,2,0.2292131098416408,0.12553213079247608,0.27178882756754197
6257,0,2,4,3,0,3,1,2,3,5,3,3,-0.27367342426787417,0.9000377577600748,0.7003136334555536
6259,1,4,5,7,1,4,5,7,3,5,1,4,1.1710973279945556,1.3010795133602184,0.07016563578523916
6261,0,4,3,3,0,3,2,7,1,2,3,1,0.134815827468296,-0.643632269514061,0.052227512737282766
6279,1,7,4,6,0,2,1,2,1,4,1,3,-0.649736249772667,0.656604937986723,-0.6194269716205983
6292,0,8,4,5,1,4,3,7,1,2,2,2,0.834777050820967,-0.11881161756623469,-0.21456318441150887
6294,1,2,4,7,0,1,1,1,3,5,3,2,-1.584899964827102,0.5087615515053516,0.7003136334555536
6305,0,2,1,2,0,1,1,1,1,1,1,1,-1.584899964827102,-1.204084686093323,-0.6194269716205983
6306,0,6,3,2,0,4,1,6,3,3,1,3,0.4737311199679708,0.4752937495294623,0.07016563578523916
6314,0,8,1,3,0,1,1,1,1,1,1,1,-1.584899964827102,-1.204084686093323,-0.6194269716205983
6317,1,1,4,6,1,4,6,5,1,2,3,2,0.8917463245108356,-0.11881161756623469,0.052227512737282766
6321,0,4,1,2,0,3,2,2,1,3,5,5,-0.16840158788791199,1.0932087936347323,0.38274285616613746
6323,1,6,3,4,0,3,2,3,3,3,1,3,-0.10051965377540337,0.4752937495294623,0.07016563578523916
6354,0,3,3,4,0,1,1,1,1,4,4,2,-1.584899964827102,0.3012782263605131,0.27178882756754197
6361,1,10,5,5,1,3,2,7,1,5,3,2,0.134815827468296,0.5087615515053516,0.052227512737282766
6367,1,11,5,7,1,4,5,7,2,5,2,2,1.1710973279945556,0.5087615515053516,0.20409480479440348
6368,1,10,5,6,1,4,5,7,1,5,4,4,1.1710973279945556,1.3010795133602184,0.27178882756754197
6370,0,8,3,2,0,3,4,5,1,2,1,1,0.12321677994056492,-0.643632269514061,-0.6194269716205983
6375,0,2,2,1,0,2,1,2,1,2,1,2,-0.649736249772667,-0.11881161756623469,-0.6194269716205983
6376,0,4,4,4,1,4,4,7,1,5,3,3,0.932332878241983,0.9000377577600748,0.052227512737282766
6377,0,9,3,2,1,4,6,7,1,1,2,2,1.6966135178966604,-0.4551925376850848,-0.21456318441150887
6378,0,3,3,3,0,1,1,1,3,2,3,3,-1.584899964827102,0.2410719755829464,0.7003136334555536
6381,0,4,1,1,0,1,1,1,1,2,2,1,-1.584899964827102,-0.643632269514061,-0.21456318441150887
6384,1,7,4,5,1,4,5,7,2,4,1,4,1.1710973279945556,0.9771959950395975,-0.138714742127817
6385,1,10,4,4,0,3,2,3,3,3,3,3,-0.10051965377540337,0.4752937495294623,0.7003136334555536
6388,1,3,5,7,0,2,2,2,3,3,2,3,-0.5414731491146806,0.4752937495294623,0.41619695773708365
6396,0,7,2,3,0,1,1,1,1,2,2,2,-1.584899964827102,-0.11881161756623469,-0.21456318441150887
6397,1,4,4,7,1,4,5,7,3,5,1,3,1.1710973279945556,0.9000377577600748,0.07016563578523916
6414,1,11,5,7,0,4,5,5,3,5,1,5,0.6972726095973313,1.8412257065152642,0.07016563578523916
6435,0,9,3,3,0,4,4,6,1,3,2,1,0.6704326932816763,-0.36156163354223914,-0.21456318441150887
6454,1,9,4,7,1,1,1,6,2,2,4,2,-0.9564199821091602,-0.11881161756623469,0.7028020303636756
6455,1,2,3,6,1,4,4,7,2,5,3,2,0.932332878241983,0.5087615515053516,0.4679751586170238
6460,0,5,2,2,0,1,1,1,1,2,2,1,-1.584899964827102,-0.643632269514061,-0.21456318441150887
6461,0,3,2,1,0,4,5,7,1,1,3,1,1.1710973279945556,-1.204084686093323,0.052227512737282766
6483,0,6,1,1,0,3,1,1,1,1,1,1,-0.37133472909038423,-1.204084686093323,-0.6194269716205983
6488,1,3,3,2,0,3,1,5,2,5,2,2,-0.10249093214282179,0.5087615515053516,0.20409480479440348
6497,0,8,2,2,1,4,5,6,1,2,1,1,0.8063118780148516,-0.643632269514061,-0.6194269716205983
6498,1,5,5,7,0,4,5,7,1,4,1,1,1.1710973279945556,-0.18568175463072376,-0.6194269716205983
6504,1,4,4,5,0,4,5,7,4,4,2,2,1.1710973279945556,0.3012782263605131,0.5353182699545874
6509,1,6,4,7,0,2,1,1,2,3,2,2,-0.7667762705382174,0.12553213079247608,0.20409480479440348
6514,1,2,5,7,0,4,4,5,1,5,3,3,0.5730600938704432,0.9000377577600748,0.052227512737282766
6526,0,8,2,2,0,4,2,7,1,1,2,1,0.7460889643831501,-1.204084686093323,-0.21456318441150887
6536,1,6,4,7,1,4,3,7,3,4,2,2,0.834777050820967,0.3012782263605131,0.41619695773708365
6540,0,11,1,3,0,1,1,1,1,1,1,1,-1.584899964827102,-1.204084686093323,-0.6194269716205983
6543,0,5,1,1,0,1,1,1,1,1,1,1,-1.584899964827102,-1.204084686093323,-0.6194269716205983
6549,0,6,2,1,0,4,6,7,1,1,1,1,1.6966135178966604,-1.204084686093323,-0.6194269716205983
6553,0,10,2,1,0,1,1,1,1,1,1,1,-1.584899964827102,-1.204084686093323,-0.6194269716205983
6569,0,4,2,2,0,3,2,2,2,4,1,2,-0.16840158788791199,0.3012782263605131,-0.138714742127817
6570,1,5,4,7,1,4,3,6,3,5,1,2,0.5965038179808805,0.5087615515053516,0.07016563578523916
6573,0,11,4,7,1,4,4,6,1,1,4,1,0.6704326932816763,-1.204084686093323,0.27178882756754197
6575,0,12,3,4,0,1,1,1,1,1,1,1,-1.584899964827102,-1.204084686093323,-0.6194269716205983
6589,0,5,3,1,0,3,4,2,1,2,2,1,-0.018834164206311187,-0.643632269514061,-0.21456318441150887
6603,1,12,3,5,0,2,3,2,3,3,3,2,-0.4712378518052408,0.12553213079247608,0.7003136334555536
6609,1,11,4,6,0,3,3,5,2,4,2,2,0.0693560313642333,0.3012782263605131,0.20409480479440348
6611,0,11,3,4,0,2,1,1,1,2,3,1,-0.7667762705382174,-0.643632269514061,0.052227512737282766
6613,1,3,5,4,1,4,5,7,2,5,1,2,1.1710973279945556,0.5087615515053516,-0.138714742127817
6623,0,9,2,2,0,2,2,2,1,2,2,1,-0.5414731491146806,-0.643632269514061,-0.21456318441150887
6626,0,5,3,2,0,3,2,2,2,2,4,2,-0.16840158788791199,-0.11881161756623469,0.7028020303636756
6629,0,8,2,1,0,2,3,2,1,1,2,1,-0.4712378518052408,-1.204084686093323,-0.21456318441150887
6648,1,9,4,4,0,1,1,1,3,5,1,2,-1.584899964827102,0.5087615515053516,0.07016563578523916
6652,0,9,2,1,0,3,3,7,1,1,2,1,0.2292131098416408,-1.204084686093323,-0.21456318441150887
6655,0,4,3,1,0,3,2,3,2,3,2,4,-0.10051965377540337,0.7740557550449166,0.20409480479440348
6669,1,9,5,4,0,4,6,7,5,3,4,3,1.6966135178966604,0.4752937495294623,1.1894972512769666
6677,1,6,5,5,1,4,3,6,2,2,2,1,0.5965038179808805,-0.643632269514061,0.20409480479440348
6682,0,8,4,6,0,4,3,7,3,1,3,1,0.834777050820967,-1.204084686093323,0.7003136334555536
6692,0,11,4,5,1,4,5,5,3,4,1,3,0.6972726095973313,0.656604937986723,0.07016563578523916
6696,1,11,3,4,1,4,5,7,1,1,5,1,1.1710973279945556,-1.204084686093323,0.38274285616613746
6721,0,6,2,6,0,4,2,6,1,5,1,4,0.5217095254077706,1.3010795133602184,-0.6194269716205983
6722,0,6,2,3,0,3,2,5,1,1,3,1,-0.017325778574398248,-1.204084686093323,0.052227512737282766
6725,1,8,4,7,0,3,5,5,3,3,3,3,0.1681370821309143,0.4752937495294623,0.7003136334555536
6734,0,4,3,3,0,3,3,5,1,2,2,2,0.0693560313642333,-0.11881161756623469,-0.21456318441150887
6736,0,7,2,3,0,2,3,2,2,1,2,1,-0.4712378518052408,-1.204084686093323,0.20409480479440348
6743,1,5,4,5,0,4,1,2,3,5,2,4,0.20438801950823154,1.3010795133602184,0.41619695773708365
6749,0,3,2,1,0,4,5,7,1,1,1,1,1.1710973279945556,-1.204084686093323,-0.6194269716205983
6757,0,2,3,2,0,1,1,1,3,2,1,1,-1.584899964827102,-0.643632269514061,0.07016563578523916
6771,0,5,4,4,0,2,2,3,3,3,2,4,-0.46514077757936584,0.7740557550449166,0.41619695773708365
6781,0,6,2,2,0,2,3,7,1,1,1,1,-0.21771657347885395,-1.204084686093323,-0.6194269716205983
6782,0,8,3,1,1,4,5,7,1,2,1,1,1.1710973279945556,-0.643632269514061,-0.6194269716205983
6788,0,5,3,3,0,2,1,2,1,1,1,2,-0.649736249772667,-0.4551925376850848,-0.6194269716205983
6789,0,4,2,2,0,3,1,2,1,1,2,1,-0.27367342426787417,-1.204084686093323,-0.21456318441150887
6791,0,8,2,1,0,1,1,1,1,1,1,1,-1.584899964827102,-1.204084686093323,-0.6194269716205983
6792,0,4,2,1,0,1,1,1,1,1,1,1,-1.584899964827102,-1.204084686093323,-0.6194269716205983
6816,1,8,4,5,0,3,2,4,3,3,2,2,-0.0663052999726259,0.12553213079247608,0.41619695773708365
6821,1,3,4,5,1,4,5,7,2,5,2,1,1.1710973279945556,-0.005524360436810266,0.20409480479440348
6832,1,11,5,7,1,4,4,6,1,1,4,4,0.6704326932816763,0.22698873787419577,0.27178882756754197
6834,0,8,2,3,0,2,1,5,1,1,2,1,-0.5095139442235108,-1.204084686093323,-0.21456318441150887
6836,1,11,4,7,0,4,5,6,3,5,1,4,0.8063118780148516,1.3010795133602184,0.07016563578523916
6841,1,8,3,5,0,2,2,5,1,2,4,1,-0.4022057731502161,-0.643632269514061,0.27178882756754197
6845,1,10,4,6,0,1,1,2,2,3,2,1,-1.1301748847213864,-0.36156163354223914,0.20409480479440348
6856,1,6,4,7,1,1,6,7,1,5,3,4,-0.45556658968648733,1.3010795133602184,0.052227512737282766
6867,0,9,3,1,0,3,5,6,1,1,3,1,0.258061988018413,-1.204084686093323,0.052227512737282766
6874,1,8,4,6,1,4,2,7,2,4,3,5,0.7460889643831501,1.3298586245636885,0.4679751586170238
6881,0,8,4,4,0,3,1,2,2,2,1,1,-0.27367342426787417,-0.643632269514061,-0.138714742127817
6887,0,7,1,1,0,1,1,3,1,2,2,2,-1.023906362609181,-0.11881161756623469,-0.21456318441150887
6897,1,6,5,4,0,4,6,7,3,4,3,4,1.6966135178966604,0.9771959950395975,0.7003136334555536
6904,0,3,1,1,0,1,1,1,1,1,2,2,-1.584899964827102,-0.4551925376850848,-0.21456318441150887
6905,0,4,2,1,1,3,3,7,1,1,1,1,0.2292131098416408,-1.204084686093323,-0.6194269716205983
6911,1,8,3,4,0,4,5,7,3,5,2,3,1.1710973279945556,0.9000377577600748,0.41619695773708365
6914,1,8,4,5,0,3,3,3,1,4,4,2,-0.01175096489321396,0.3012782263605131,0.27178882756754197
6917,0,9,3,4,0,2,1,3,3,2,1,2,-0.5681070390347422,-0.11881161756623469,0.07016563578523916
6921,1,10,4,7,1,4,5,6,2,5,1,4,0.8063118780148516,1.3010795133602184,-0.138714742127817
6922,1,3,4,6,0,3,2,2,3,4,3,4,-0.16840158788791199,0.9771959950395975,0.7003136334555536
6927,1,11,4,6,1,4,6,7,1,5,4,4,1.6966135178966604,1.3010795133602184,0.27178882756754197
6942,1,12,4,6,0,3,4,6,4,4,2,2,0.20629624951242795,0.3012782263605131,0.5353182699545874
6965,1,6,5,7,0,4,2,6,3,5,4,4,0.5217095254077706,1.3010795133602184,0.9671601641532525
6972,1,6,3,4,0,1,1,1,1,3,1,2,-1.584899964827102,0.12553213079247608,-0.6194269716205983
6974,0,6,3,3,1,3,3,5,2,5,4,2,0.0693560313642333,0.5087615515053516,0.7028020303636756
6975,1,9,3,6,0,1,1,1,3,5,1,3,-1.584899964827102,0.9000377577600748,0.07016563578523916
6979,0,4,3,3,1,4,5,7,1,1,1,2,1.1710973279945556,-0.4551925376850848,-0.6194269716205983
6988,1,3,3,4,0,4,3,7,2,4,4,2,0.834777050820967,0.3012782263605131,0.7028020303636756
7006,1,9,4,7,0,4,5,6,1,5,4,2,0.8063118780148516,0.5087615515053516,0.27178882756754197
7007,0,8,3,3,1,4,4,7,1,1,2,2,0.932332878241983,-0.4551925376850848,-0.21456318441150887
7008,1,7,4,7,1,4,6,7,2,5,3,4,1.6966135178966604,1.3010795133602184,0.4679751586170238
7024,1,10,4,5,0,4,6,7,3,4,1,2,1.6966135178966604,0.3012782263605131,0.07016563578523916
7026,1,9,4,6,1,3,5,7,1,2,1,3,0.36444640312140714,0.2410719755829464,-0.6194269716205983
7033,0,9,4,2,1,4,3,7,3,1,3,1,0.834777050820967,-1.204084686093323,0.7003136334555536
7034,0,7,3,4,0,1,1,1,3,4,1,4,-1.584899964827102,0.9771959950395975,0.07016563578523916
7046,1,9,3,6,0,1,1,1,3,3,3,3,-1.584899964827102,0.4752937495294623,0.7003136334555536
7052,0,5,1,3,0,1,2,1,1,1,1,4,-1.152458049214514,0.22698873787419577,-0.6194269716205983
