Group,x,y,t,s
D,11.755395841671,282.31459956398,1,0
D,-20.014899986803,422.41005104939,1,1
B,22.69188072099,12.836398314787001,0,0
A,13.630825419273,255.519328153,1,0
C,-13.609726318908,-28.208405131106,1,1
C,49.89329356183,169.56681313113,0,1
D,19.77048157983,319.13162311173,0,0
C,1.4144703361273,-58.53959614669,1,1
C,-3.8076639253682,106.93782082756,1,1
D,23.567823099703,147.25944857125,1,0
B,22.095978382088,12.989575341221,0,1
C,5.4364815379663,284.42831368066,1,0
A,-32.867720986189,91.644777738324,1,0
B,10.674043466651,10.74397854141,0,0
B,8.6535603146318,9.9520994285242,0,1
A,-50.336070632253,39.255652269468,1,1
A,-16.001586603933,344.69717007163,1,1
A,-8.7524601308407,262.26246200421,1,1
B,2.9596849544717,8.7031525326138,0,1
D,8.2295248462956,315.15939123377,1,1
C,17.945526649219,-38.646933187566,1,0
A,-26.265924427782,121.72437729208,1,1
D,-7.5193401395899,446.76200658072,1,1
A,-51.35206371795,25.521765156426,1,1
C,30.953702589475,98.868877055062,0,0
B,11.782402312282,10.529942149549,0,0
D,4.5686626148264,264.66202602613,1,0
B,15.326177857502,11.458464145195,0,1
C,2.1204450275378,116.57942039407,1,1
B,7.2095045480921,8.5615867591492,0,1
B,16.834957033785,11.812856768986,0,0
B,7.3625559245062,8.9854188680055,0,1
B,52.503326403211,17.763556250952,0,0
C,-4.8460157182282,-51.862862463511,0,0
A,-26.358533235899,111.12708849,1,0
A,-17.065276758776,169.13484754047,1,1
C,-2.7942670284744,36.800354444329,1,1
A,-36.346672966772,75.36837955302,1,0
A,-22.29952905667,103.42427322847,1,1
D,25.940618086579,366.89905111673,1,0
A,-14.514709069168,82.350625206414,1,1
D,3.5843083567844,228.38706183312,1,0
A,-18.536240514152,241.41038317346,1,1
D,-1.4382560716189,396.05140820381,1,1
A,-19.643900896722,157.31489050589,1,0
A,-1.4001619598829,224.41875317619,1,1
C,-22.238132206368,24.373040952428,1,1
C,31.26719569241,42.105252721862,1,1
B,29.246896243303,14.754946809922,0,1
C,46.477169868759,68.938971376949,1,1
C,-38.344839435697,18.980364451176,0,1
C,-14.11211863631,-104.16292572914,0,1
C,-16.338149321889,-7.3098471082328,0,1
C,-13.600619682391,90.79414958311,0,1
C,-1.4721419236027,49.341159231188,1,1
B,8.6496581102953,9.1059941415247,0,1
C,-20.417565606729,160.8675357112,0,0
B,16.294651605326,11.166560290026,0,1
B,10.136069950711,9.9496281504598,0,0
D,-2.7960010491293,379.91843508599,1,0
D,-5.8846094123482,228.8523839013,1,1
A,-27.059132953202,197.04569545018,1,1
B,22.279892536942,12.820594763376,1,0
B,14.037500984053,10.526599016321,0,0
B,19.379866422797,12.40300055178,0,0
C,-18.355047916228,49.763455997577,1,1
B,8.8598153632413,9.0348455531053,0,1
B,8.2708425485859,9.5294066692215,0,0
C,33.428834490212,19.820119809741,1,1
C,42.434765401033,-12.001422205475,1,0
C,13.975281537033,100.13906297886,1,1
C,-35.504822637655,144.07424187151,1,1
D,10.121287901011,292.19486222844,1,1
C,23.828248818325,153.77740050982,1,0
B,2.8688295124419,8.2153889200498,0,0
D,0.088619290892325,433.44996791261,1,0
A,-25.886889006424,142.3352419228,1,0
D,-11.516739069259,375.74226447974,1,0
D,-18.769827718274,380.21679715496,1,1
B,13.390785409785,10.30342816424,0,1
C,20.325215021765,52.553621458613,1,0
D,-11.977308235121,456.87342462031,1,1
A,-39.554684189407,199.50983668236,1,0
B,14.762946023961,11.789300823623,0,1
D,10.266164425884,190.34587916143,1,1
D,14.114091387072,255.6072808004,1,0
B,16.299228720506,11.256057121176,0,0
C,20.541242967146,3.000159457326,1,1
D,13.612652441306,249.46164317544,1,1
D,-9.8954924996456,312.10018293797,1,1
A,-14.735608181793,137.98313663759,1,0
D,-7.4455960064407,390.75245511893,1,0
D,-24.472505335916,488.3545740458,1,0
C,-23.779838529779,140.14613554494,1,0
D,-0.3246636476017,251.78230637721,1,0
A,-5.301124783373,47.195930414924,1,0
A,-26.851056895149,35.591243246846,1,1
C,-28.470989956274,-189.5764091595,0,0
C,26.019180310433,91.460662318608,1,0
A,-17.802824788169,316.01182640857,1,0
C,-19.090218476993,13.508818851089,1,0
B,18.32630503286,12.446551822478,0,1
A,-19.441831715611,208.40387247009,1,0
C,1.5977441019368,96.403852789385,1,1
D,-11.751963718679,363.39749672282,1,0
D,-17.980740683144,375.49481757567,1,1
B,19.883343236467,12.273067684706,0,1
D,-6.7895510535639,172.11425374686,1,0
A,1.1576631014038,246.99287932738,1,1
A,7.2133720588001,272.8185703693,1,1
D,17.840694822297,264.69851845768,1,0
C,-14.620469185813,-74.829196185725,1,0
D,11.96807279902,273.69770903452,1,1
C,22.687623097881,-143.10746666515,1,0
B,22.003180439585,11.763984372715,0,1
C,-20.313560713694,81.358301385473,0,0
C,12.750311250216,-19.405873607102,1,0
A,-23.005743918477,179.12540138006,1,0
B,8.5879576022681,9.8569467918851,0,1
B,19.361971193627,12.360832601056,0,0
D,40.369331362829,270.30117299561,1,1
B,37.769345301096,15.333982216298,0,1
A,-12.970408912269,236.64698710323,1,0
D,-7.3877487673367,388.79959992217,1,1
D,7.3117435226737,282.91200970109,1,1
A,7.3611215270875,341.98268192959,1,0
B,18.749928058474,11.30140144852,0,0
B,50.809622400817,17.686267996586,0,1
B,0.19666761914113,7.999173109555,0,0
A,-21.031370734811,35.593640006424,1,1
C,44.850901858812,244.96002165506,1,1
C,-25.006667558573,64.153358636961,0,0
C,-21.63769316051,-35.029760171673,1,0
A,-21.683141809275,228.96176872773,1,0
D,-22.513118360431,447.70879458297,1,0
B,5.0205776416792,8.9702155109603,0,1
C,-8.2906867155296,36.723192785738,1,1
B,22.37057292758,13.100975224356,0,1
D,11.523087595367,196.0387797882,1,1
A,29.302527462273,362.15565919557,1,0
B,11.149659966654,9.6073360012097,0,0
D,-15.189281143802,379.61728739208,1,0
A,-44.791485500891,26.270808755546,1,0
A,1.6299850859819,185.83185661437,1,0
C,3.2739271974535,15.577154554695,1,1
D,23.838638815022,125.26056570851,1,0
D,-13.435831524169,394.71493503066,1,0
B,1.2918196028526,6.9061563031787,0,0
D,3.2128909384892,307.19868819239,1,0
C,-16.054224263436,117.06151198133,0,1
D,-17.617282496587,348.13801894949,0,0
D,1.6585972903569,292.10941843554,1,0
A,-18.902537712782,148.83484235491,1,0
B,23.985737916076,13.361659576272,0,0
C,-14.01037921757,277.65728335393,1,0
C,-7.3886214300937,228.67145086716,1,1
D,-10.176749667235,501.93837641875,1,0
A,-10.46131373684,197.83695619732,1,0
D,-28.641630648934,437.72076832257,1,1
C,-18.634834065863,27.237805957085,1,1
D,23.787169339968,247.26625081164,1,1
D,-22.46488954521,326.82558697081,1,1
A,-1.9134870525047,271.21485699304,1,1
A,-28.372129427908,32.515889701208,1,1
C,-13.86573704093,26.741052837922,0,1
C,-9.2672329811693,0.3073649356642,1,1
D,-22.217672329497,365.96696260896,1,1
B,1.6306405224049,8.336884116841,0,0
D,0.50924584200105,275.73664560017,1,1
B,13.933126575282,11.258149788816,0,0
B,28.307223243782,13.966717212929,0,0
A,1.5700891975174,395.26055346302,1,1
C,-1.2020633193674,87.856094660636,1,1
A,3.4337994202198,417.49560856889,1,1
B,37.224620620359,15.37479082588,0,1
C,-22.209545618486,100.32179289186,1,1
D,-7.5812395259651,516.17685062307,1,1
B,16.876753107122,12.119576637936,0,1
D,19.163234182244,265.21196497521,1,0
A,-25.809683646918,120.37542233075,1,0
C,23.13018116035,101.33873129931,1,1
A,-11.932335138755,64.089351960034,1,1
B,17.685434096346,11.645758592009,0,0
D,12.731242162516,386.62750518863,1,0
D,35.529846348581,194.93791953099,1,1
D,-6.8038881089556,275.78147931806,1,0
B,16.003719657661,11.001538966399,0,0
D,2.3879939170498,245.49529702333,1,1
B,3.6501689346741,8.5764377659241,0,1
B,24.086621750186,13.006702936131,0,1
C,-17.153938416929,69.828858432746,0,1
C,-32.643110622486,6.6962487435417,1,0
C,-66.952134906758,-2.0665343986203,1,1
A,-59.893424787975,65.885381984937,1,1
C,-16.415600761965,-103.32925414216,0,1
B,2.4711437907401,8.1110309070799,0,0
C,0.67750814914586,41.035371233726,1,0
A,-7.8240226818361,82.384624496747,1,0
C,0.34428012247397,111.54992719393,1,1
A,-23.413178978215,3.331401752928,1,1
C,-28.574198629509,90.324101579992,1,0
D,-8.7961366375890009,365.98163428669,1,0
B,5.0379578271126,9.21015486231,0,0
C,-20.224764657312,128.34175331581,0,0
B,24.473266493749,13.206030722196,0,0
A,-19.798389113414,196.55803455625,1,1
B,24.234790969749,13.151344094815,0,0
C,-1.5349004136095,116.19855164979,1,1
D,-4.6507045136069,370.4364610051,0,0
A,-52.009456997276,84.47103577362,1,1
C,1.8698007575561,76.381970359656,1,1
C,-17.712108969089,170.68111432888,1,1
A,-22.40904745758,165.37952649006,1,0
A,-38.667734059816,55.014350144665,1,1
B,12.291291592778,10.517810992459,0,0
C,50.121819123682,85.234612626133,1,1
C,3.6071377227116,1.0726112285967,1,0
D,7.9230680642291,435.83145523855,1,0
D,6.4994822314472,284.57191235273,1,1
C,-3.6789322489309,151.14526065259,1,1
A,-46.438995610661,24.896656965789,1,1
B,16.545203589157,11.708131204374,0,1
B,7.1556715626063,8.517536003302,0,0
C,-13.658856555195,70.787498189037,1,1
D,2.1602029652149,401.49813987059,1,1
C,-4.7137852579885,108.58538289628,0,0
D,11.876093086729,246.86537772411,1,0
B,19.739823127044,12.029602845484,0,0
C,-16.323756070027,44.787218290282,1,1
C,-2.371328104926,152.47639819303,1,1
A,-23.423427183378,174.23667944746,1,0
D,-5.6491919717049,362.35166687488,0,0
A,-24.913733332843,143.60063226875,1,1
D,4.9832519306723,302.78918267032,1,1
A,-11.67490232907,70.957822910025,1,0
D,1.5578095538345,336.68935483959,1,0
C,-11.954914961455,130.60409049671,1,1
B,22.293685118805,12.10420279358,0,0
C,-7.2235017215011,188.01549559506,0,0
B,35.928792836111,15.5153401605,0,0
A,-16.629936500746,228.31497308068,1,1
D,3.1661443343228,239.54810812722,1,0
C,22.173430749296,38.343620957501,0,0
A,0.86306115280049,242.45483725725,1,0
A,-44.057264111963,71.116082624121,1,0
A,-25.088051137555,194.87793367164,1,1
D,-6.6712957362976,274.83897679105,1,0
B,23.730559404814,12.327396893994,0,1
C,0.40221231402931,37.500522150891,1,1
D,-1.6720868515186,399.91103290623,1,0
D,-1.7976606952947,326.76086788055,0,0
A,-17.903512580275,218.29872515718,1,1
A,-47.153228661117,116.70334543833,1,1
B,7.2022028449933,10.208765915498,0,0
C,-8.6545582863756,152.19954323266,1,0
A,0.086696437600397,136.69668316501,1,1
B,14.478831484205,11.509194734111,0,0
D,27.933197137869,354.06040997573,1,1
A,-36.963829802798,229.44698396858,1,1
C,9.5605459956269,28.150237678154,0,1
A,-19.650669451175,214.54360140746,1,0
A,-12.739892098,170.06639564925,1,1
C,-3.0880432087407,50.430207663882,1,0
C,-28.312614314869,199.44415030649,0,0
A,-28.91397548556,49.17552709122,1,1
D,13.349413199047,107.54428397889,1,1
D,27.913966287819,291.00041005947,1,1
B,24.432059642129,13.103983186919,1,1
D,-30.68332172217,684.19261828679,1,1
C,29.74426379462,109.78724080268,1,1
A,-5.3996504146604,310.44862734687,1,0
C,-10.199415701534,119.81939621867,1,1
A,-21.228728301464,139.59982956555,1,1
A,-24.352506332729,13.934401113044,1,1
A,-37.186900708446,88.736328252003,1,1
A,-7.9286037226806,247.62248594483,1,1
D,9.2639066089242,184.96841423119,1,1
C,-27.213965897548,54.582168407544,1,0
B,2.7326206428616,7.5590256010113,0,0
C,-5.0795686827412,41.807193036567,1,0
D,0.3945089720164,256.5800594285,1,1
C,6.1746272715622,-63.017177530572,1,0
D,14.68586028958,380.77460385569,1,0
C,48.019288245132,150.61092117038,1,0
D,-4.6296652958867,394.93507785906,1,0
A,-41.142916475489,22.333164933758,1,1
D,4.068234154055,242.31481175652,1,1
B,38.729869055902,15.289037242819,0,0
C,49.89929249552,79.065641179711,0,0
A,-40.566387336034,32.261674855026,1,1
D,3.9475603485236,300.68735218313,1,0
A,23.049881606386,366.13298297261,1,0
C,17.415603878636,107.62838929921,1,0
D,-23.758981485739,385.98603600961,0,0
C,21.157840828019,113.33195277785,1,0
A,28.278115615378,480.89608257958,1,0
D,6.2903471981596,385.79151628483,1,0
C,-32.482885259894,155.71784979138,1,0
C,-32.49485867121,102.3362458103,0,1
D,11.65939388874,201.81489632223,1,1
C,28.464629462205,129.66297841755,1,0
C,8.1984499842853,45.870327306385,1,1
C,-50.321852720958,-36.512395722564,0,0
D,10.767722580939,247.33843799696,1,1
C,-42.085592775645,-21.030461112051,0,0
D,-9.9552270825744,138.91986720446,1,1
C,1.6147830247016,-40.977940879752,0,1
A,-20.392077979814,64.189489092766,1,1
B,28.857755920318,13.772211498736,0,0
C,-33.385831665893,73.111876494303,1,0
C,-31.044482908698,148.50746347639,1,0
C,-28.674958995392,8.5689226079588,1,1
B,7.4261455942998,9.2659209358749,0,1
B,21.077169353644,12.082720282419,0,1
C,-27.067196340331,-27.847910325438,1,1
A,-52.923416716011,11.628263085442,1,0
C,-28.586426135426,104.7593118985,1,1
D,-1.9722512904425,315.03641954811,1,1
B,2.4960254367888,6.9780513204896,0,1
B,30.302160344227,14.256682266715,0,0
C,-35.298565423721,-70.108440703297,1,1
B,2.9431777684685,7.9844870700231,0,0
B,3.1822153046644,8.4845139291937,0,0
D,9.5563210656663,400.54213459303,1,0
A,10.922732454689,409.70121777183,1,1
C,-11.144626914591,-56.792548710384,1,1
A,-5.1862403453264,242.50629007514,1,0
B,21.835697661077,13.256952375753,0,0
A,-4.2357455018143,197.87983679859,1,1
B,13.709703496522,10.55464302885,0,0
A,-43.126863668732,57.73873867874,1,1
C,-3.523352269327,64.618976850817,1,1
D,-12.068665116126,326.33153284124,1,1
D,-14.604142405374,535.35676161961,1,1
B,14.378039977689,10.913294567787,0,0
A,12.185269050852,246.82299380089,1,0
A,-14.831119842749,283.91514179526,1,0
A,-13.039630788397,221.34934468304,1,0
A,-63.042949875837,158.06058522177,1,1
D,18.007544353608,347.46154235697003,1,1
D,0.77230989130787,293.17667525736,1,1
A,-43.592121248409,192.62714069412,1,1
A,-0.19447167692449,136.74231548456,1,0
C,3.1236236915568,20.593942372871,1,0
B,15.994137167928,11.242463888423,0,0
A,15.60780366911,425.80113021508,1,1
D,-5.6067343091623,390.57147629353,1,0
A,-32.982351349193,4.3290730939848,1,1
A,-40.399439086392,178.54025100104,1,1
C,-5.5993285740723,-13.385905856446,1,0
A,5.2243873696888,171.12382602278,1,1
C,57.679552117679,-57.087662342977,1,0
A,-20.682821091582,168.60164642083,1,0
C,22.702181451815,7.0521965995674,0,0
A,-31.814361081372,55.17188693917,1,0
C,23.222512326773,66.177701456089,1,1
C,-5.4729999659923,224.82368484969,1,0
D,-7.6326823949966,310.28572461721,1,1
B,22.023248377267,12.505941109809,1,0
A,-8.9691533539301,202.2462962257,1,0
A,6.0543951769613,332.63695379423,1,0
B,2.1514705653076,7.7384692487358,0,0
C,-31.449438116722,68.366078911985,0,0
A,-40.843809276281,15.376085200988,1,0
D,-15.983976856798,201.57994145089,1,0
B,3.6394302861949,8.1652848875932,0,1
D,7.1253582859064,243.81349529923,1,0
C,-24.267445312472,84.595416699348,1,1
B,33.545610659544,14.686068767305,0,0
D,-4.2517845734264,377.8413364677,1,1
B,10.957273004091,10.388144134754,0,0
A,-22.571849762263,250.88437600149,1,1
C,6.6456006754402,0.061014561476661,1,1
C,-57.461077579512,40.128476178799,1,0
C,66.306542740346,-50.029221306103,1,0
D,2.9249086905852,278.25092736224,1,0
A,-47.269891252867,24.454344532198,1,0
A,7.2700865330501,348.39965242166,1,0
B,8.4595040122324,9.3813218382362,0,0
D,-3.6899520706804,270.38930194051,1,1
B,24.922551501972,13.125426953176,0,0
C,-12.907904418608,-35.569977370356,1,0
D,9.9406505040548,240.6413362425,1,1
A,-6.1708278214423,240.25789892825,1,1
B,24.396490205264,13.186493124756,0,1
B,10.011706520809,10.281695154644,0,1
C,-24.180372834755,89.400899299607,1,0
D,-0.94055383789379,190.02113110527,1,0
D,16.48807802726,235.07690495256,1,1
D,6.2076225821896,119.91726699887,1,0
C,34.986923217302,-69.869437719169,1,1
B,8.2984604427118,9.4787854915068,0,1
C,-30.0249328334,-14.642002592628,1,1
C,51.465914323212,244.72772596298,1,1
C,7.2469219762119,100.9784163786,0,1
B,11.968163764089,10.582134567095,0,1
B,4.5769530183528,9.229707787783,0,0
B,25.531309668688,14.17384072172,0,1
A,9.8820031852843,458.50964395539,1,0
A,13.652095163545,431.16517945759,1,1
B,15.664110660397,11.105361456683,0,0
A,-55.23784045793,67.099418937275,1,0
A,7.4494830516397,318.15777428642,1,1
B,25.526768197085,13.422034451524,0,0
D,12.174328644841,172.42562465622,1,1
C,-0.19439994506278,70.026446526417,1,0
A,-18.924365753273,138.61329765041,1,1
C,-5.399775630515,-110.60284047276,1,1
A,-41.763559866121,10.147977774566,1,0
B,42.187747527933,16.66719316633,0,1
A,20.369933041451,398.8702876353,1,1
A,-19.532734499095,43.412896217505,1,0
A,-4.5509591929386,250.07164972419,1,1
C,-23.075275727117,150.13472755586,1,1
C,-43.964999358153,-58.506403577284,0,0
D,2.7741837207108,348.22641514299,1,0
D,13.093613093297,252.64063045645,1,0
C,20.637193563691,131.16412242137,1,1
D,19.467067622331,115.09324213867001,1,1
C,23.302470155667,86.384972026285,1,1
B,35.936897667095,14.886185304844,0,1
A,0.49287217226478,287.53089617171,1,0
D,7.8616338995572,87.047834536083,0,1
A,-31.26371925709,163.42617548277,1,1
A,0.89249944588752,172.10788088064,1,0
B,14.643477916086,11.325368695842,0,1
B,2.9430228783484,8.7084727457512,0,0
A,-5.4277946382891,151.50089520612,1,1
C,-32.816863943272,-32.557033402639,1,1
C,16.127018329281,92.296385888614,1,1
A,9.415665234167,193.015663167,1,0
D,0.044127783758626,269.30103853452,1,1
A,-45.930878655487,58.488935184427,1,0
B,25.564717729373,13.233342835836,0,1
D,19.155877203288,316.16093394773,1,1
A,4.2668893077722,385.48309846385,1,0
D,-12.882663927452,413.92022214966,1,1
A,-11.853777994799,140.95725129915,1,0
C,34.551004969771,102.58389612454,1,1
B,3.0808042600196,8.0036585120139,0,1
A,-24.435480805317,65.214680820338,1,0
A,-17.368786628064,202.8351387609,1,0
C,-5.4612346405448,-107.95488228786,1,0
A,-16.591461802177,140.19734609229,1,0
A,-3.0948661128501,280.17478321268,1,1
A,10.425904892118,370.51097353059,1,1
A,-39.673181720857,83.454083427533,1,1
B,7.5229237040146,9.6801122196873,0,1
D,-2.0764599237947,419.48339238785,1,1
B,12.201989142318,10.316649908596,0,1
B,25.864523996536,13.269601841242,0,1
B,21.581335539735,11.995681070753,0,1
B,9.4934094666938,9.9836786448894,0,0
B,4.5083656108511,8.3944949731721,0,0
B,18.064363242157,11.615640446898,0,0
C,35.023663951561,202.13634561521,0,1
B,17.410106428624,11.358470437551,0,1
B,10.90377950431,9.9902690788686,0,1
A,-51.503925491825,49.186515721114,1,0
C,-16.855825856261,159.1287524589,0,0
D,31.635763167234,322.10137489955,1,1
B,2.7233432246015,7.1466771925637,0,1
B,24.214339640091,12.973055172806,0,0
D,6.2926896383486,258.92113914337,1,0
A,-9.3111144426796,68.901969003445,1,1
A,27.66948877539,339.81610683529,1,1
C,-24.76261532575,11.249886725214,1,1
D,-23.912784312811,556.15662771704,1,1
D,-12.739471896896,399.00830524043,1,0
C,-62.203026819137,-38.055661164716,0,0
B,16.810331859072,11.584077506992,0,1
D,13.403456536775,241.60322678024,1,1
C,-12.923620256094,-31.438239085692,1,0
D,-0.95811411876143,188.40116254678,1,0
C,36.053848526,109.24810472981,0,0
B,35.140194886895,15.15113066807,0,0
D,-1.3099584594881,376.75300277665,1,1
C,62.917714973408,-96.345107314803,1,1
C,27.224309395638,11.766605258345,1,0
A,7.7458510574633,364.1156574898,1,1
A,-14.576767558501,36.841517888401,1,0
C,3.7009467187808,172.00188191841,1,0
A,-29.260667120694,133.00457187416,1,0
A,-17.933815591006,82.029660985819,1,1
B,21.366916375871,12.6794616197,0,0
C,-9.1273310948756,-41.790988933663,1,0
D,1.3907270428681,280.91275679782,1,0
C,-20.438490842673,-107.06922390222,1,1
A,-14.010860588407,77.847559793781,1,1
A,-39.576863516856,143.65318460374,1,0
D,2.9887606655195,307.61768360651,1,0
C,41.092013137924,177.34187857729,1,0
A,6.3974108013312,107.29877943559,1,1
C,3.7518227751143,-39.135093458991,1,1
D,-14.565724507238,462.06631688171,1,0
A,0.58999327178578,361.08345215306,1,0
A,11.454987516839,415.46973653439,1,0
A,-67.973123006976,3.1268884810279,1,1
A,-27.576291154407,98.320488906149,1,0
D,-10.115543386021,456.09245961583,1,1
B,2.375373968098,8.4065575849639,0,0
C,-26.848278555017,65.440181660671,1,1
C,-39.776514086768,109.47400996577,1,1
D,-3.8554865670649,187.28958596303,1,1
C,-33.59531721547,34.569171679937,0,1
A,-27.166677984487,137.07734739784,1,0
B,31.58630403857,14.378269570142,0,1
C,0.62742836662914,-55.56145644866,1,0
C,13.79389993604,25.184993025933,1,1
C,-29.616938901887,146.97748581878,1,0
B,19.852466428584,11.900123056724,0,0
A,-46.286438743717,8.4614467911709,1,1
D,3.2394792443325,208.4506092041,1,0
C,-0.92809822639827,102.97300348802,1,1
A,-25.891102591944,52.232131801188,1,1
C,14.723606692498,41.996671778614,1,1
B,28.134124917972,13.761388723506,0,1
C,-59.371024615304,138.5724954361,1,1
C,-20.6997431166,-48.033449461234,1,1
B,15.382144011269,12.055273863416,0,0
B,27.514093180892,14.124549194743,0,0
A,-39.306826455196,99.819995391099,1,0
D,-6.7159203108009,270.8613450154,1,1
B,18.1948053251,12.882318295741,0,0
D,17.111078597191,202.83782732479,1,1
C,-5.2379328050827,165.28056228453,1,0
A,6.5105324972004,195.23500070732,1,0
C,-20.870619791034,-12.232887949437,1,1
B,26.887609315518,13.342731624107,0,0
C,11.861878350778,204.89103807038,1,0
B,26.49368293327,12.937901900254,0,0
D,-14.267957992977,446.70895591365,1,1
B,41.886256922915,16.164977893195,0,1
A,-35.422352360758,81.767582475565,1,0
A,-13.935324054647,151.6934232892,1,0
C,28.05712334209,128.17826271112,1,0
D,-3.3347538361953,552.05929260378,1,0
C,-5.7678811660818,88.570156582431,1,1
A,-15.975289348036,18.01362077194,1,0
B,5.1162066632492,8.6393904395112,0,1
C,-17.610438489174,160.29323699572,1,1
D,24.713631148782,345.82665749771,1,1
D,-5.4791551043648,242.84026882418,1,1
C,48.823260158684,13.126141478366,1,0
C,-19.751229659538,10.76423105959,1,1
B,15.87791797513,11.328788028735,0,1
A,4.4546875527383,219.4671190183,1,1
B,29.953527568818,14.377152604462,0,1
B,30.878426059558,13.941324083584,0,1
A,-26.887039258558,199.6104874488,1,0
D,21.452766494571,264.78492288747,1,1
A,-25.440488973838,218.64345878812,1,1
C,-12.603019499501,139.46881010778,0,0
A,-6.3344326696053,79.926017164684,1,1
A,-7.8782964045546,218.89592578164,1,1
A,-29.473309087787,32.015650287744,1,1
B,37.667894194679,15.428336728023,0,0
A,-66.42700422156,74.951245362848,1,0
B,33.33855274382,14.524571940427,0,0
A,4.2749869987718,236.42907225407,1,1
D,3.3812835148449,121.13178018207,1,1
B,46.850145019055,16.344411430017,0,0
C,16.597467379457,45.03897508515,1,1
C,10.081509784368,93.419342332715,1,1
D,-20.717998723834,348.28584859394,1,0
B,19.037637056335,11.690647390568,0,0
D,1.3164823275602,358.49130530818,1,1
B,17.1179674571,11.673803964108,0,0
B,42.477487740329,15.803378997316,0,0
C,3.4124179917446,47.192685036078,1,1
B,11.128813949939,11.146066862561,0,0
D,21.767927253511,297.3896237418,1,1
C,-20.442872610615,181.07902456731,0,1
A,0.13852474425851,80.851142239688,1,0
D,6.0177206266754,108.67177293714,1,1
A,-16.732625796335,180.80680660056,1,0
C,-15.419432683578,77.045575878604,1,0
D,20.651958124084,225.56069446661,1,0
B,30.506461127897,14.17442866131,0,1
A,-16.400761095528,209.66408855313,1,0
B,34.390392125766,15.092187375587,0,1
C,-31.19581531137,-37.718633545897,1,0
D,-24.403125402705,475.05660800825,1,1
D,27.005134273788,299.0450884551,1,1
D,2.0415664911464,220.80354662324,0,1
D,-4.029889541692,488.0935579767,1,0
C,-1.3966075770541,48.797341073769,0,0
C,-8.5142663994405,-73.019643314192,0,0
A,-26.613603789179,131.20109913508,1,1
D,-0.69948502010642,262.38025854685,1,1
D,8.925821508712,186.7844237293,1,1
D,-1.5460455657663,337.53771249137,1,1
B,25.204342213089,13.483197105982,0,1
C,-43.83426890142,139.42418154908,1,0
A,-28.331865476599,386.11529938509,1,1
D,15.707812740331,311.57127999913,1,0
D,4.8670417828798,241.8028818978,1,1
D,-12.367911166683,236.28426013202,1,1
B,31.721730254461,14.234246128771,0,1
B,15.77036891867,11.643787930053,0,1
D,23.957698318156,316.20415355507,1,1
A,-29.972504607855,174.21787732058,1,0
B,13.00138780335,10.752645454946,0,1
B,9.958051075208,9.2018787062962,0,0
C,19.260121163102,174.30658934047,1,1
A,-43.039235003311,69.694080208751,1,1
A,-36.442938188763,17.023672004241,1,1
C,6.1233191490748,-108.20063000321,1,1
B,15.384363323163,11.364400063196,0,0
B,11.622186532068,10.546122086067,0,1
A,-14.813675677317,65.304828577817,1,1
C,-18.762116717064,76.275003631262,0,0
B,24.35001080872,13.29037055682,0,1
B,15.806653641074,10.44675483434,0,0
C,13.944430406645001,-43.50536790234301,1,1
D,4.7497564268996,78.812389705243,1,0
D,3.821431734516,277.28321354384,1,1
C,-6.9750964846346,190.74494455184,1,0
B,1.827984378593,7.5807859488643,0,1
D,-13.62148638052,563.40051891487,1,1
C,10.461237177002,168.84904622186,1,0
C,-21.872900413756,189.85493633098,0,0
D,9.1439710218199,217.49801835534,1,1
C,-22.940083665745,-21.892632333977,1,1
C,-23.396711352466,92.904109491922,1,1
C,-16.072683812153,68.02098059143,1,0
A,20.304519533322,423.85017257177,1,1
A,-38.913075080101,79.323746552842,1,0
D,0.63359086151868,322.33415076292,1,0
C,-32.806545387863,175.45002063198,0,1
C,7.4837658007088,-35.012061969383,1,0
D,14.602658210603,350.11305274587,1,0
D,-2.6647624693181,408.88268841518,1,0
A,-34.290769740143,154.77738722264,1,0
D,28.874328752455,392.30199855068,1,1
D,-8.5090665270151,284.9458466945,1,0
A,-33.544293948703,162.15713458283,1,1
B,33.151721381187,15.072516657501,0,1
A,-9.993680855722,194.57762116826,1,0
A,-6.0005612922835,308.14090164105,1,1
B,4.7640532128345,8.8675671473503,0,0
D,19.187745459931,335.57945127067,1,1
D,9.891396466592,375.47704491228,1,1
B,32.142433412439,14.399474506768,0,1
D,7.5652372490453,331.13205805613,1,1
A,-29.065920692899,96.236402176896,1,1
C,13.917848810981,-63.494191034927,1,0
C,-22.994872611479,77.025594213058,1,1
A,-12.990792053747,198.20452714302,1,0
C,-4.4676576761844,41.594632628651,1,0
A,-15.333167199201,9.5232036945052,1,1
C,-12.171547772443,112.20786170345,1,1
D,5.0198176591749,259.76151923312,1,1
D,-8.582210478644,258.51081767842,1,1
A,-25.978342879088,322.3717167803,1,1
C,27.088980550454,13.632022164125,1,1
A,-24.87110605923,96.19054191615,1,0
B,6.2975931494951,9.0127922418344,0,0
C,-11.494364540789,156.63016202377,1,1
D,7.3732155511962,222.20332524516,1,0
D,5.4925239102414,190.86094063886,0,0
A,-11.922323895582,257.54628285931,1,1
B,23.408368278019,13.113569546472,0,0
C,19.598284858558,-87.430842739731,1,1
C,58.565465853347,66.866197315914,1,0
B,4.9535823263943,9.000987947349,0,0
B,13.889328255267,11.164176440634,0,0
A,-16.286025316122,292.74685810029,1,1
B,50.493288324444,17.298742202686,0,1
B,2.5672050949965,8.3927162862208,0,0
D,14.147363690728,332.76025280625,1,0
B,14.513954534435,10.970429056286,0,1
A,-28.800686150231,97.169028005176,1,0
B,2.5173133101861,7.3477098066216,0,0
C,8.1375800804876,229.86238841101,1,0
A,-13.715793086549,251.70026246584,1,0
B,40.843835298365,16.147360824136,0,1
A,-26.16922560994,224.8314191824,1,0
C,27.340195804061,66.749297240632,1,1
B,13.818714170632,10.957911214603,0,0
C,-29.178174149328,234.07934876488,1,1
D,24.757807712424,356.67552232262,1,1
B,40.065662611306,15.744161414561,1,1
C,-23.215775267787,148.24853242433,1,0
D,12.595310305522,192.24496426305,1,1
B,1.6016473256059,7.4337113205714,0,1
A,-2.4873496068117,295.60438392526,1,1
D,10.327284526232,213.60148200141,1,0
B,30.065137601488,14.170252751395,0,1
A,-3.6919756045993,164.03511295562,1,1
C,32.289040505555,130.10390377748,0,0
B,6.041427436304,8.372495317943,0,0
D,2.304802224182,191.59487488894,1,1
A,-29.768327225823,76.63491693448,1,0
A,-41.661069443757,23.185211593371,1,0
A,-9.3850712950272,194.49877483793,1,0
B,24.568724151966,12.807954955929,0,1
A,7.4257364130699,23.29281157781,1,1
A,-33.643623199148,67.762133164221,1,1
B,35.872880564943,15.627097472453,0,0
D,17.609796248195,393.79193869736,1,1
B,17.775864020817,11.906990194262,0,1
D,11.155446116419,517.96546326529,1,1
A,25.398931008484,217.18443504683,1,0
B,11.538150785276,10.532918598887,1,1
C,-2.1441452634261,90.200059750676,1,1
D,20.858469889899,73.380583499735,1,0
A,-27.276620182803,140.38067366294,1,0
A,-14.739954320127,169.9150514118,1,0
A,-41.548121978318,81.735339438419,1,0
C,-35.678658482469,50.232605693505,1,0
C,-27.032223951087,80.833979441707,0,1
C,0.5269916283558,-72.322177141589,0,1
A,-12.659851340419,135.79159597251,1,1
D,-17.021063098228,346.66418246164,1,1
C,-44.80245874161,57.747061192406,1,1
B,2.0284024709968,7.8986317358659,0,1
C,39.666438215723,23.190057369038,1,0
C,-16.032509546276,-87.961595372745,0,0
D,9.1315516192147,282.32833210161,1,1
A,-7.1327605108417,69.87998759415,1,0
D,15.212473912729,198.29279569504,1,1
A,-14.737019676127,271.5241533972,1,1
A,10.857258953088,236.72880348178,1,1
D,13.029199650059,316.75413376175,1,1
B,37.782031576048,15.523691667783,0,1
A,-9.0425544623484,66.647016526036,1,0
A,3.5682647789681,219.58894213223,1,0
B,29.056460550547,15.078886808171,0,1
D,-10.145938998156,216.48767861607,1,1
D,8.7985183702775,249.84831517695,0,0
D,14.657967737251,274.16153286917,1,0
C,-3.0911731259391,-75.412737951806,1,1
C,-20.148770439508,101.56915358946,0,0
A,4.2493085312887,166.58855628343,1,1
D,-6.1011148356372,302.6510799302,1,0
A,-13.744772974749,149.46204254425,1,1
D,7.8369632315994,125.63955266897,1,1
A,33.543703779831,506.28200156022,1,0
C,30.260555556631,78.904443491206,0,1
C,-33.848125840467,32.988564020949,1,0
D,41.065477858794,390.67981865428,1,1
B,2.9958124025705,7.9837768727688,0,0
A,-19.022753805398,155.33366438529,1,1
A,14.878289533257,345.95830811744,1,0
C,-9.4494497074976,166.82322553351,1,1
A,-19.012857239234,210.1005923823,1,0
C,4.9883207948824,-84.437608165405,1,0
C,-14.397542320843,63.431950023599,0,0
D,0.21058048969627,181.92823264139,1,1
A,3.0631502354812,335.9439139799,1,0
D,-6.945476998084,465.87219504401,1,0
C,-33.579604875566,25.460146925626,0,1
D,22.740456940951,178.98864217661,0,1
C,-78.635542920621,92.615598703556,0,0
D,-24.452245270113,500.29546408043,1,0
B,11.849929599022,10.006603668182,1,0
D,-9.2197349719795,289.4714182217,1,1
A,-25.213801092568,312.57191345728,1,1
A,-3.4239507249668,215.33671307905,1,0
D,-10.306960387298,246.0261135134,1,0
B,2.4861838754668,7.8873191443423,0,0
B,3.3987043962808,8.3388919194062,0,1
C,-57.408181460299,-14.926325549337,0,0
D,-22.298446867754,522.52583041206,1,1
B,22.601599763428,12.488820013487,0,1
D,15.064010335628,368.49206455121,1,0
C,8.349400299764,70.836206499411,1,0
C,23.335126983624,237.36730642168,1,0
A,-21.027402746038,17.937244014785,1,0
A,-26.476926700434,43.664575074643,1,1
A,-34.987603881856,42.307679437244,1,0
A,-15.146479102385,313.29659702689,1,0
B,46.395230873672,16.759968011532,0,1
B,53.552157374822,18.416780066412,0,0
A,-22.827156896157,42.771127130264,1,1
B,18.278959349859,12.348795361984,0,1
D,8.8771888049679,65.795359499192,0,1
B,30.823771349538,13.444342171949,0,1
B,14.131743065143,10.882451008458,0,1
A,-2.2522337624115,14.776215530362,1,1
B,12.913253901952,10.869702127489001,0,0
C,30.337686785654,33.961400718876,1,0
D,14.223588509589,298.17949662506,1,1
D,-17.613289670839,556.34352408971,1,0
D,-12.607902541108,279.59779478637,1,1
A,-8.1753021502752,96.380141422795,1,0
D,14.93973897255,206.92686009217,1,0
B,22.198069664742,12.122605095145,0,0
C,-8.6791214936781,114.47878460748,1,0
D,-4.2451940878505,306.90492378171,1,1
B,15.447638198476,10.874676286237,0,0
D,-2.6776269845095,389.73450402484,1,0
A,23.668133619087,327.82588471837,1,0
D,-23.375049751892,589.86551447346,1,1
C,48.943912218299,87.726650461893,1,0
D,-7.0223536905937,387.31185049578,1,1
C,-13.623370088927,-145.76360097749,1,1
D,12.292087880099,258.4277310555,1,1
B,12.086743129458,10.53874888733,0,0
C,14.468957272577,167.78434372544,1,1
B,35.251596243704,15.30200294198,0,1
D,14.73279750195,394.89053225512,1,0
D,21.39468728909,139.69629784706,1,1
C,33.702073666128,38.591966969702,0,0
C,18.341750569335,-109.56581762832,0,1
B,15.785137474437,11.528097009776,0,1
D,10.296821903576,115.12909461191,1,1
B,0.33795327708961,7.631835980676,0,1
D,5.0436316593753,253.68221137984,1,1
B,6.8050375835993,8.3235697433497,0,0
B,12.22952780697,9.8494797637943,0,0
A,-20.426302637172,342.16914573599,1,0
B,10.015102733865,10.39711898726,1,0
D,-9.8150297756377,147.28513911566,1,0
A,-42.522812076622,171.81171177086,1,1
C,-4.9678208050168,271.36658311094,0,0
B,24.913700204768,13.006197512779,0,0
A,-14.579930764427,268.33938835158,1,0
B,20.865412952781,12.523897680227,0,1
D,9.1385903242689,360.07548828287,1,1
B,18.413642608753,11.9516630574,0,0
B,20.34694386476,11.825168680802,0,1
B,8.542576294645,9.8201566896485,0,0
C,41.726270425006,146.25898274559,0,1
D,-20.541079256004,410.1033231705,1,1
A,-31.970401657266,179.39183140657,1,0
C,25.517611653319,55.523159833869,0,1
A,18.092479799917,427.97204727958,1,0
B,9.6254619330286,9.5219190157861,0,0
B,18.412637547782,11.681831411153,0,0
A,-29.659010074408,20.369216957767,1,0
B,6.1976792170655,8.6994206653009,0,0
B,30.149880520138,14.644805117403,0,1
D,16.442496276667,346.15653484089,1,0
B,25.229211893505,13.570737507287,0,0
B,0.68752224775382,7.5106827247661,0,0
B,19.687429392565,12.035695445873,0,1
C,-28.71755250763,179.91981313234,1,1
C,-25.537357906595,50.118349875844,1,1
D,10.046562578551,380.83572976935,1,1
B,17.549534589774,11.881351880238,0,0
C,46.871566457614,31.516587643193,0,1
B,36.319242911562,15.228175530124,0,0
C,-29.417134470035,-116.44157489922,0,0
D,1.76710394014,234.78795227957,1,1
B,0.82348579206666,7.3930229377482,0,1
D,13.700696026767,281.74945430586,1,0
B,14.195858365947,10.564010724016,0,1
B,24.592793580421,13.196968766416,0,1
C,48.263033311937,169.55963766322,0,0
C,20.196033170072,110.97169326803,1,1
C,23.711061498481,222.84649354212,0,0
B,19.364655131178,12.603155877669,0,0
A,-32.93078772767,43.870312440149,1,1
C,34.50496924273,5.2125803093485,1,0
C,-0.073863899835333,17.088397680823,0,0
C,13.38248443761,154.89314469876,1,0
D,-30.098388560162,262.88820520597,0,0
C,-17.009074744773,12.067386268204,1,0
C,-42.250248548226,248.03441470537,1,1
D,-24.156203438601,521.18454326791,1,0
A,13.95409274751,158.72693479281,1,0
B,28.04131363893,14.354863848772,0,0
C,29.881280337871,-31.299717192678,0,0
A,26.006032576787,199.15934954544,1,0
B,10.566668858084,9.7794152815739,0,1
C,-22.817982459356,57.800324787758,1,0
B,6.390307027097,9.2390857922935,0,0
B,40.805281129109,15.773647687395,0,0
A,25.538891407446,469.58647950347,1,0
A,-2.9277957444674,213.0985783339,1,1
A,6.4450533727394,340.31126007266,1,0
B,22.595015581043,13.205634225938,0,1
D,11.762799170689,332.47839263895,1,0
A,-42.385883445566,35.352226050735,1,0
A,-24.109310849155,97.319647501372,1,1
A,-0.88152688270506,305.7445656819,1,0
C,15.971138691982,16.184524395123,0,0
D,9.8260891548479,267.29904000661,1,0
C,-3.5270417321134,95.950122582237,1,0
B,12.474791912583,11.005692831024,0,0
C,4.3123772332037,-5.9781124968911,1,0
D,4.0274200150871,350.15015235317,1,1
B,0.59240570691992,6.5610201134185004,0,1
C,35.835281457675,36.33461334246,0,0
D,0.61665373231129,291.55849464264,1,0
B,34.390157760303,14.805238670186,0,0
D,3.5744574449838,254.29714123127,1,1
A,25.290925284052,314.70520753679,1,0
A,-1.2113206205942,293.67414101012,1,1
A,-14.574594865821,105.91956656981,1,0
A,-21.848751896456,21.063815747417,1,0
C,35.154855440909,-60.0680994741,1,0
C,8.8341592405151,-159.58498287321,1,0
C,9.7344426632554,83.701016081823,1,1
C,-28.719308104701,223.28436076468,0,1
A,-16.524303104973,117.74139740679,1,0
B,27.342162085391,14.148933778875,0,0
D,11.848457586881,241.56820658341,1,0
C,-24.748498882516,24.838877188898,0,0
C,12.347749225492,117.22396658278,1,1
C,14.367443225052,222.93177018684,0,1
A,-12.285038638061,171.42227495435,1,1
A,-13.576113605674,306.48977980134,1,0
D,13.037142006232,201.21296498655,1,0
D,8.8978318529659,268.17233452628,1,1
C,24.976764408395,134.67158507913,1,1
D,7.5737291451421,315.30773997694,1,0
C,10.3741363,0.56160258760746,1,1
D,23.285567435103,333.01375871804,1,1
B,2.4432578321748,8.1142242018336,1,0
A,-7.8171951411372,86.389410131327,1,0
B,14.695649928737,11.180444816339,0,1
C,2.8740442529665,161.87843840331,1,1
C,21.566827505625,-6.7378255230086,1,1
A,12.322633194422,252.66542621128,1,1
D,-30.066185459525,372.54143842381,1,0
D,-7.1972133709105,332.47840636851,1,0
C,2.2022882151428,196.75978257775,1,0
A,-2.0126880821831,286.22898778749,1,1
C,-16.891775164703,162.42942914154,0,0
A,-46.853005739792,43.643358746843,1,1
A,-7.1870321604363,159.36122870555,1,0
A,-18.617214431808,111.74186522734,1,0
C,8.941566119409,101.17704983529,1,0
C,11.535598506935001,-3.718926865011,0,1
A,-22.518976258821,120.41456163461,1,1
B,9.9567078323833,9.4896823984715,0,1
A,3.6241585992389,277.33513721886,1,0
B,34.665742011119,14.878922185672,0,1
D,2.9215950821161,293.1123649078,1,0
D,7.9229812053605,202.37400144123,1,0
A,-24.128927492131,73.327571867186,1,0
A,-5.2375797956426,96.426355129772,1,0
A,-31.838913206867,5.8570199505692,1,1
B,31.270274527031,14.33776895567,0,1
C,52.183116752274,-43.263026685576,1,0
B,18.835188382694,12.294667736692,0,1
B,59.213013259328,18.711062400023,0,1
C,33.727050965525,-23.201262275782,1,0
B,28.439475706052,13.670923787029,0,1
C,-62.354146098883,-28.021786946348,1,1
C,-48.252676296166,50.744065746546,0,1
D,1.4569774640058,153.42936131099,1,0
D,10.119052033927,104.12900465407,1,1
D,21.418976606531,120.29128493429,1,1
D,15.249949930818,301.95309467379,1,1
C,-19.492043335686,23.497669769683,1,0
C,-22.229411370693,159.32816911132,1,0
A,-46.631300670854,33.572535259916,1,0
A,-7.3758824571855,107.34466580504,0,0
C,-25.925710903446,111.71078546192,1,0
D,-4.2426897092921,453.3957200937,1,1
B,20.631542297374,12.210594514652,0,0
A,-17.674456350354,140.64765796841,1,0
B,26.807471921112,13.739257988704,0,0
A,-25.716629361602,175.93074804727,1,0
B,6.2734300523407,9.1657977080064,0,0
D,10.113200057351,258.95098188517,1,1
C,28.54221101503,170.21975309738,1,1
D,21.961909467337,183.31836553119,1,0
C,-63.132778801086,-5.8816089913629,0,0
C,3.9951032036893,-29.278533233459,1,1
B,28.967840595622,14.33758785425,0,0
B,3.5587252544047,8.1385556866016,1,1
A,-14.374293942179,161.62380681263,1,1
B,38.65896036786,15.711387552516,0,0
A,-25.223942404717,47.341138030561,1,1
A,-13.490461556469,214.98793176654,1,1
D,20.057383627657,362.14602237341,1,1
B,19.345824883946,12.092982572303,0,1
C,34.299172372697,196.11645963467,0,0
A,18.60241035726,344.93783429076,1,0
D,-2.7370889655953,256.22953476628,1,1
A,-14.652629553179,16.771845122693,1,1
B,22.788799072983,12.56554533254,0,0
D,17.009690023498,115.24559617427,1,0
C,-22.916612014601,207.87693610456,1,0
B,14.300999744935,11.354204676602,0,0
A,-8.1337877042283,301.65838095018,1,0
A,-18.961956460011,99.291234472902,1,1
D,-0.15376883100429,232.70477932585,1,1
D,-2.4650727978279,270.0918834913,1,0
A,-16.221415104448,248.30991201769,1,1
B,5.2106120312636,8.6778906739095,0,1
C,-28.035148398967,7.1517764032594,1,0
C,15.703510582775,201.798385044,1,1
A,-11.942828148577,169.87500633852,1,0
C,45.115892318597,-37.234294677262,0,1
B,34.696877339248,14.817203106758,0,1
C,-4.9486328409746,75.060840113117,0,0
C,-42.271852180023,117.9229176561,0,0
A,-48.176788278006,175.50487231906,1,0
D,-3.6650971945678,183.00184562989,1,1
B,23.077973421234,13.244175827476,0,0
B,6.7462338017049,9.678803432273,0,0
A,-31.983050882343,21.515064169893,1,0
C,56.119119632579,-19.240570183024,1,1
A,21.919965933971,387.85932632343,1,0
A,-7.6348823041818,180.41048999476,1,1
B,11.504989502721,9.7116071541154,0,0
A,-18.196677472534,188.72672243264,1,1
C,35.909728447865,212.9996169759,1,1
B,2.4440523397383,6.7482948876134,0,0
B,1.4376762218018,7.9478394837241,1,0
D,-19.272250371646,432.40878589517,1,0
C,-40.121452409365,179.34141547994,1,0
B,25.705099937369,13.669130120174,0,1
D,20.335091375902,326.43247880015,1,1
D,16.126320741198,408.74798241153,1,1
B,32.648892946843,14.615211526762,0,0
B,34.775297248166,15.22041217722,0,1
B,34.983777218956,14.302085482671,0,1
A,-21.026189117705,73.432570656032,1,0
C,-10.045810208212,45.329787870091,1,1
A,-30.499107825337,16.681753372625,1,1
A,-8.4099459580192,224.1872314481,1,1
A,26.294810983024,413.23771403834,1,1
C,-18.970217561801,197.05602483361,1,0
A,-13.046520278345,134.5519214778,1,0
D,-4.4021220833073,355.05545907098,1,1
B,21.506631794156,12.336714612643,0,0
B,0.7341271940312,6.9167597546923,0,0
D,15.339436261607,318.37176717416,1,1
C,16.33239528692,48.409675677032,0,1
C,10.105251073421,-56.33505563407,1,1
A,-16.480428847242,125.84037924504,1,1
D,-11.369761175183,161.24341373809,1,0
C,-12.993293100965,27.952641854506,1,0
A,-34.779268145458,82.833676218909,1,1
A,-16.417721010473,75.398528206348,1,1
A,-3.3972474985743,284.2213628023,1,0
D,7.8523862016631,190.02958045482,1,1
A,-24.155768923534,66.079339632801,1,0
C,0.45403552635294,94.40855349759,1,1
D,5.5450908185659,176.33202208641,1,1
C,-22.276653844526,31.351956727147,1,1
A,-17.817722834562,64.212604276935,1,1
B,34.924350665381,15.470765320856,0,0
C,-2.5963082530519,-52.91378762569,1,1
C,-40.756938900685,90.772250324382,1,1
C,-12.634087574498,32.39579163743,1,1
D,-2.2958131825066,188.65026020522,1,1
A,-0.6874409698357,337.88941712998,1,0
A,-0.49814362148667,198.43331946965,1,0
C,-55.792962932863,85.364408864809,1,0
B,26.596822035777,13.618194187709,0,0
A,-26.902493410698,20.423679329187,1,0
C,-23.30370640862,81.610847848752,1,1
D,-16.555818327961,495.49684421182,1,1
B,16.735599160537,11.307963504319,0,1
C,-37.358944606203,22.888193231024,1,0
D,9.3149211515276,246.46640602474,0,0
C,62.604182141183,86.890890337476,1,0
D,-16.742873528387,404.97714941296,1,1
A,-12.281431979165,259.98801661701,1,1
A,-22.333293421815,137.13171644515,1,1
B,17.003204435577,12.172133777952,1,1
A,0.21460329239005,126.86630818893,1,1
B,21.671361829001,12.747949154267,0,0
B,14.848877839208,10.926036617104,0,0
B,23.673072848317,13.653605609049,0,1
A,23.805955698158,283.12908801442,1,1
B,8.9462104183371,9.267936186433,0,0
A,-0.0069933873633765,181.51826148039,1,1
B,32.294986665386,14.729003358578,0,0
A,-8.738194054802,258.65083288385,1,1
A,-0.20844024010396,173.78205797858,1,0
B,7.319849956464,8.9309033490792,0,0
D,11.621957619498,264.96193843799,1,0
C,-49.752617939726,80.726583792701,1,1
B,12.00928822719,10.73863722334,0,1
B,15.606935754235,11.547426706897,0,1
C,11.912608075846,143.12316221936,0,0
A,-35.700508597633,56.232220319674,1,1
C,7.4988291568583,-86.835388100629,1,0
B,3.5102055536165,8.0880577765297,0,1
A,-11.339989637183,166.71892108289,1,1
C,-19.854713480386,46.009944621013,0,0
A,-6.0198752787057,60.966285577494,1,1
D,6.4609855657727,239.54239758316,1,1
B,23.566915046222,13.503844383398,0,1
D,-21.640316698533,379.81929736809,1,1
A,-3.5366850497838,220.59932251535,1,0
D,-12.109906031801,194.78733153818,0,0
B,1.815371089529,8.0575964115645,1,1
B,5.2332002321413,9.3248114088878,0,1
C,-21.34446588454,-2.9637316847051,1,1
B,8.1503944583937,9.3410546787434,0,0
D,-9.0063941082947,468.51735564951,1,1
D,3.6377318360087,313.74496216269,1,1
C,18.81394260368,191.71615767512,1,0
D,9.1229961994677,191.83256112264,1,1
C,-33.446864078961,74.845773190188,1,1
B,5.7121928733365,8.7320678663937,0,1
B,23.079128164369,12.555396340869,0,0
C,21.140478331661,232.91300791591,0,0
B,7.4494662617564,9.2794184360917,0,0
A,-25.747129250666,176.21444219128,1,1
D,33.67723634824,440.01167705888,1,1
D,22.308444732944,160.77751612001,0,1
B,32.870299972999,15.03056649067,0,1
D,6.8075492627954,248.56952453105,1,1
C,-3.9952027290106,209.71183445431,1,1
D,1.6929076983095,334.30805875888,1,0
D,21.510517859604,344.77465386399,1,0
B,21.032148482759,12.382990106096,0,1
D,-9.4558897742331,366.64766227065,1,1
D,-3.852047908051,365.83958236819,1,0
D,23.47137955831,278.20555300042,1,1
D,11.712144789152,276.6397483878,1,1
B,9.7187706277328,8.8374306713227,0,1
C,30.31472622711,76.335109886404,0,1
C,32.675383324584,106.20960405991,1,1
D,12.173724246292,161.43435073757001,1,0
A,1.4156501392907,371.96006568985,1,0
A,-14.09525339077,52.415152989056,1,0
D,36.047502779424,208.9322940828,1,1
B,11.541217488954,10.25165875718,0,1
A,-8.5623303351748,239.62202162976,1,0
C,-1.0167840346772,58.225337849569,1,1
D,0.71946778833842,234.69532024846,1,1
A,-3.4441353648175,178.7515356181,1,0
A,-17.608636891287,131.10521946433,1,1
A,-12.326909651666,63.483800261507,1,1
B,30.853823564413,14.634552607175,0,1
B,9.6552482590337,10.349041132475,0,0
A,-21.46668155839,91.162861868349,1,1
A,-4.3797890066075,177.27675052279,1,0
A,5.5040915261507,472.68462967066,1,0
A,5.7697767288283,414.3248066587,1,1
C,11.553001448304,31.794965641943,0,1
B,5.147148365689,8.2370219429405,0,1
C,-17.460082722111,-52.663460364409,1,1
C,3.5027755361529,37.965288483987,1,0
D,-2.3579705303339,60.365686271976,1,1
B,17.433959812594,11.491964226714,0,1
B,13.079963809382,10.945644389134,0,0
C,-12.866616328185,233.55075531013,1,1
B,1.5142786211866,8.2758367794828,1,0
C,-19.309602575055,27.241065865495,1,0
D,19.0401021396,370.39808307001,0,0
B,42.985355359961,16.465121819767,0,0
B,7.3338851068792,8.7453895244622,0,0
A,-3.2988288874267,193.35972332831,1,1
C,-67.721277426798,31.131306991042,1,1
D,24.50684749638,265.91755717011,1,0
B,11.085456033743,10.006380089387,0,0
D,-10.030082499622,310.23798955755,0,0
D,-10.978486000085,523.28234274512,1,1
C,12.439197218716,98.545117523309,1,0
A,-3.4770613370822,56.64809794987,1,0
B,14.468655227902,10.600590848622,0,1
B,13.340425385786,10.749428210573,0,0
A,-26.028127417913,41.708739831908,1,0
D,-20.673418808111,425.07677976139,1,1
C,-28.349576585158,6.0265901866493,1,1
C,-8.2543238686651,176.51454892453,1,0
C,-12.985294158098,130.8730351291,1,1
C,29.500332640251,46.661689421004,1,1
A,5.9991047629151,370.60445869882,1,0
D,-9.698204396152,264.95269193219,1,1
A,-18.249738838174,23.189183941199,1,0
D,9.2973910306103,137.10253239148,1,0
D,-9.8810767735732,254.41054379913,1,1
B,30.253410360894,14.495747327699,0,1
D,-3.581197979665,353.69988408438,1,0
A,-22.372194391849,150.70527853291,1,1
D,29.528315817718,338.25669843296,1,1
D,13.441626069807,361.80129630249,1,1
D,8.4173816323361,227.48470660322,1,1
D,11.722860057709,246.81214681818,1,0
B,5.3613214443258,8.8079481328264,0,0
D,-3.8966918391626,196.38586986875,1,1
D,3.8679781043287,260.99623624887,1,0
C,-17.35070916235,-73.084377264643,1,0
A,-13.953621770234,62.413103370188,1,1
A,-41.603302409222,124.68149689291,1,0
B,25.457471457057,13.799841374478,0,1
C,45.159003351423,-44.676934448852,0,0
C,-10.570120656197,207.39111312683,1,1
B,9.517709676883,9.4380503272105,0,1
A,-1.7413793349366,443.70435718666,1,1
A,7.3728352842726,242.33287300604,1,0
D,-1.7349082695948,331.12215736328,1,1
B,16.234619282295,11.738991864318,0,1
D,8.7919490219988,137.76638377959,1,0
B,50.691766360165,16.88693558391,0,1
D,-1.0462009026884,186.3644771871,1,1
A,-20.210854481538,152.12188492674,1,1
D,-7.526687812771,365.60753535228,1,1
A,2.9544317866463,144.30004571113,1,1
A,-17.720744976178,36.107931647966,1,1
A,-2.6903529650021,232.07386486841,1,0
B,29.634168944151,14.900197941244,0,1
B,1.0010938649071,7.18060136059,0,0
D,-7.2150671152468,353.57982273147,1,1
D,11.241034363043,210.67960512996,1,0
C,19.025037405558,77.941341721891,1,1
D,22.200565898884,307.75817249937,1,1
B,31.988320946688,14.02450098342,0,1
B,5.3644092256969,9.6720287246591,0,1
D,22.792123886194,202.78938844604,1,0
A,-11.773811771895,107.37488082534,1,1
B,26.548950215126,13.150912216504,0,0
B,32.03394015135,15.021594589492,0,0
B,5.4228793109874,8.1380817860834,0,1
C,-17.630916844882,-15.537911254232,0,0
A,-3.3391184398621,230.31703992342,1,1
B,8.7622434910211,10.167648009174,0,1
A,-31.716805124523,201.86311960586,1,1
B,17.302576609562,11.596053159583,0,0
C,9.8441287231837,50.608970282417,1,0
A,-14.56480203409,286.2569632578,1,1
C,-0.2878774000741,49.918497736994,0,1
D,-7.9027311997035,370.27583603155,1,1
B,10.622069572388,10.641379090462,0,0
D,12.140748848273,280.04877211202,0,0
B,42.282539290508,15.980223638324,0,0
C,7.3914476118011,155.63156750455,1,1
A,-34.716203545554,70.059029178721,1,0
B,6.8722923504525,9.8990013541588,0,0
C,-52.540093980981,182.28851438281,1,1
C,12.23191933205,191.25369250041,1,1
A,-26.285500312357,130.18817894449,1,1
B,17.589766473318,11.340939902276,0,0
C,-18.289038255014,21.75697092654,1,1
A,-9.3201989505068,115.30153226866,1,1
D,-8.5800871004258,452.36306644481,1,0
D,-15.740992740607,339.14371056303,1,0
B,13.410979210125,11.328373791481,0,0
C,44.891064416566,110.41409093114,1,1
C,-37.300035198359,99.047743469499,1,1
B,16.690514408374,11.418874450506,0,1
D,11.442501214073,205.50035358337,1,1
B,35.750026473659,15.521524392937,0,1
B,5.2425128469442,8.4749388924898,0,1
D,2.047660186909,388.55479413716,1,0
A,-20.162485994009,98.05896701713,1,0
B,7.9688967577968,9.1572974584794,1,0
C,-41.324805452174,-43.902539960529,1,0
C,-56.333405525113,82.524834086897,1,1
B,25.505794477419,13.352112201907,0,0
D,9.6886038070957,117.34767416043,1,1
C,-22.872200597018,68.73199485323,1,0
B,13.866933255394,11.029473133417,0,1
C,16.203105874454,43.842650305872,1,0
A,-33.920418068264,56.564501364513,1,1
D,3.9606398949216,379.21961553032,1,0
D,-4.5452042028984,224.42037851616,1,1
C,-7.7953919371568,294.06297615127,1,1
C,6.7537813301914,5.0523831406852,1,1
C,30.200190790091,-53.554115202536,1,1
D,8.1004996849692,313.9530760641,0,1
D,-26.252359649284,377.79965582434,1,1
A,11.700625834847,263.42755120687,1,1
B,22.456770482686,13.023381525837,0,0
D,-6.6530393402339,415.88710162271,1,0
A,-0.44946722614088,315.60970615205,1,0
C,44.076405256557,135.19632723564,1,0
D,-13.747811585547,203.58237762404,1,1
C,-19.460382683883,124.23555282747,0,1
A,3.8938039186847,390.05719883184,1,1
C,-18.96895311166,72.732600032227,1,1
B,23.817528705959,12.873181942173,0,0
B,4.4243403321245,9.1111454697505,0,0
B,21.890830757977,12.952969840357,0,0
B,3.1170328944535,7.5825882638566,0,1
D,-15.354226239656,253.21977139368,1,1
D,7.1118201488218,427.77889510653,1,0
C,-40.275339464785,158.47526133595,1,0
D,-3.6201941024606,223.41368957069,1,0
D,1.6527585534625,262.11369835358,1,1
D,-14.294386468965,366.27011671628,1,1
C,-3.0078031965568,26.359763694629,0,1
C,12.080458167047,164.50967632118,1,1
A,-1.468864528215,259.99367091618,1,0
D,14.127602649912,257.6414607608,1,0
C,-40.37056631845,-30.64186091425,1,1
D,-3.628473627208,297.47665877197,1,0
C,-2.7811053980985,147.78257576785,0,0
C,-26.449613093142,32.499379480956,1,1
C,6.9803874893023,186.81010457678,1,0
C,-8.5503550439842,-22.579073183974,1,1
C,-1.7462760483596,157.67938752225,1,1
C,15.865606476490001,33.481052008681,0,0
D,-18.953840801937,260.39888904495,1,0
C,7.4791632259633,3.7035108901111,0,1
A,-23.006190608258,141.10421853704,1,1
B,16.247642912086,10.995488079363,0,1
C,-56.098365088971,-132.6983906141,1,1
C,16.533057017966,-12.54615315215,0,1
C,-14.806647511109,53.510716756112,0,0
D,5.0461094468115,186.0454106047,1,1
C,22.720584823154,-198.3823078337,1,1
D,-5.6348339056758,224.8054748484,1,0
D,-4.3260820164932,177.07484616436,1,1
C,-12.888150899619,92.236786086688,0,1
A,-16.205884764998,57.879849594962,1,1
A,-11.50065761176,188.89336749906,1,1
D,-23.657599237588,280.83318357441,1,1
D,-6.6368719081566,343.10159231727,1,1
B,41.834136282017,15.749091884536,0,1
A,-13.758266655616,253.98579955566,1,1
D,19.417642750506,299.15672474176,0,0
B,17.02818006325,11.856553347762,0,0
D,12.978920733081,133.51981481841,1,0
A,-17.161640806199,270.55801652444,1,1
C,-53.432480268847,136.84490006875,0,0
B,23.764169264475,12.855118969832,0,0
B,27.143074353758,14.159851302736,0,0
D,-2.2071761284988,203.55195325266,1,0
A,-7.7288870288659,125.03050672404,1,0
B,21.184150050014,12.921829799707,0,0
A,-16.860971791605,10.604280755671,1,1
A,-0.21708817929826,286.38101299171,1,0
B,22.844946663289,12.995826418786,0,1
A,-23.349906635634,95.105823448908,1,1
A,-12.514381702298,274.7087965583,1,0
A,-21.921699147169,101.34542189648,1,1
D,9.9492854438486,302.5443524474,1,0
A,-32.814049251757,155.40550958431,1,1
C,-2.5842938565576,-40.704511789467,0,1
B,28.335613003157,13.804014082636,0,1
A,-35.637775355316,20.835691807715,1,0
D,-17.776756474644,540.72661560668,1,1
A,11.043743785957,178.04123716151,1,1
D,-13.084358818403,405.22285997599,1,0
D,4.306338944615,209.33143202324,1,0
D,21.911958413158,286.48977976269,1,1
B,14.246917783398,11.096113946225,0,1
D,15.519233784414,234.0987820677,1,1
D,-1.6954974027795,235.57064835381,1,1
A,-7.0377435148869,133.20336061027,1,1
C,-25.551283724863,24.90023900657,1,0
C,-3.7626899507654,2.2335037473745,1,0
C,-5.753599229154,100.54592540187,1,1
A,-11.318391107171,361.89976384998,1,0
A,22.208027401105,343.38902957243,1,0
C,22.499079205328,4.5515135291738,1,1
D,18.567102961506,261.14277701552,1,1
A,-52.148794539808,56.337197086465,1,0
C,6.6367154264062,75.107502633756,1,1
D,-4.2195904432887,350.64885932936,1,0
D,-20.164866994212,350.64993541671,1,1
D,39.744248176806,274.82013117886,1,0
D,23.466511565012,300.98818171489,1,0
A,-31.560270265006,82.295103614822,1,1
A,-52.799014174286,94.500908020651,1,0
B,20.524243252596,12.592860027346,0,1
C,-6.9337842622463,160.30522940369,0,0
B,35.531350495076,15.192903228814,0,1
B,27.068136339573,13.781161149342,0,0
A,16.17153525733,280.9748663227,1,0
B,15.372970089024,10.298191357136,0,0
D,-0.62982649478587,244.86176192847,1,1
A,-32.861174930754,147.70710603739,1,1
A,-38.563814863825,44.627753872717,1,0
C,-19.130189829101,101.32564472702,1,0
A,-1.809521514368,229.69553117207,1,0
A,-18.886166789982,94.0446210094,1,1
C,-33.947046613296,-118.19037499148,0,0
A,-12.018089162194,27.546530400192,1,1
C,-27.076453805005,100.03835478473,1,1
A,-12.026034185209,225.73211153817,1,0
D,21.824457676999,272.10575279086,1,0
A,-19.986685563338,281.03481430655,1,1
D,-2.4325632101076,411.91688167905,1,1
C,0.70515115964466,44.559618885424,0,1
A,-23.237360622844,121.31483649011,1,1
D,-0.28817170219877,299.20394879589,1,1
D,-23.21275704038,252.4797039132,1,1
A,-25.544902287212,69.694431877553,1,0
A,4.8372185154991,333.32665293213,1,1
B,38.965590994323,15.246955911581,0,1
C,1.3950807817257,-131.91882649386,1,1
A,3.3356930880508,180.43571918106,1,1
B,19.906388701827,12.959865962748,0,0
A,-6.639085563663,146.11272496968,1,0
A,-61.126940864663,64.635003017557,1,1
C,17.061275763931,162.01726712054,1,0
A,6.8176815793001,193.16668509933,1,0
B,26.42079446205,13.944493292932,0,1
A,-54.646049673504,168.51959746215,1,1
C,-54.609753747289,10.673899056238,1,1
B,21.100234570494,12.810297233686,0,0
B,5.7856749099613,8.9364875638827,0,1
A,-9.3988986901934,235.57423508567,1,0
D,-20.335369686752,458.11264668364,1,0
C,22.210737200552,25.787352257775,1,1
B,36.320567505583,15.101421653337,0,0
D,3.2296384429697,277.84886665216,1,1
D,-7.0518356678318,328.77428722837,1,1
D,11.996046905404,184.61545196251,1,1
B,26.72524326049,13.668124794645,0,0
C,-20.491914110953,-108.99000197462,0,0
A,-9.7097719636326,146.57456432123,1,1
A,-36.696435084425,16.316980992126,1,1
D,19.48038701037,268.28899059505,1,1
A,-37.380059524151,95.710549653373,1,0
D,26.678524624872,197.6763372173,1,1
D,9.4471888800371,294.10765285935,1,0
D,-3.470934222206,312.23075660748,1,1
B,9.7461945683445,10.532790009737,0,1
C,23.996561279053,-92.67527704112,1,1
C,15.15896212643,147.47697073988,0,0
B,8.3619628885584,9.8990149434225,0,0
D,12.867137601072,245.27906883428,1,1
A,9.332808450485,218.15657184653,1,0
B,5.4669991831607,9.0713181141844,0,0
A,-31.608872751523,108.93229666396,1,1
D,4.3571148972759,299.78213639594,0,1
C,29.836792297585,79.219657300142,1,1
B,8.4296036029372,9.7483905115159,0,1
D,-10.143504506044,376.96103759015,1,1
A,-26.171502848701,15.340122895474,1,0
A,-37.255100162819,136.1349976096,1,1
D,1.7124864904734,386.32459145939,1,1
C,-8.5983544134527,192.56311257629,1,0
D,-10.096638327509,467.26171280456,1,0
B,28.694556570004,14.036116219267,0,1
A,-1.4310416511404,288.61574700783,1,0
A,-4.4676506148966,269.86942788394,1,0
B,3.3463090524759,8.9157965638535,0,1
D,-7.1755806473901,249.3987506099,1,1
C,-0.71488968316229,6.475412090996,1,1
A,9.2026953712118,197.74051880172,1,0
D,20.493282147913,335.41407003459,1,0
D,-13.053495831347,510.89376117098,1,0
D,-0.96918546546678,352.04856756565,1,0
C,-22.044649363516,-86.205656273852,0,0
A,-51.9641766236,230.12013569061,0,1
A,-48.361142262053,22.868186011383,1,1
C,27.283516287004,58.49036240554,0,1
C,7.6514206350089,224.47019922429,1,0
D,4.9150938703283,189.27491030762,1,1
D,10.499675613129,207.80244473405,1,1
B,43.645121564923,16.757799132407,0,0
C,-56.224258849036,208.64806244227,1,0
C,-11.493090030036,-46.919320604726,1,1
D,-3.3948286275355,278.48982710554,1,1
D,9.449602346611,155.4801789245,1,1
A,-37.762144794577,130.09733157516,1,0
C,-44.489741264605,189.57474085622,1,0
D,2.4165152164253,275.95204969354,1,0
D,-7.8521964595896,352.25043385907,0,0
B,21.324482078349,12.554812412774,0,0
C,-30.043288264909,46.27291398089,0,0
C,-12.394736645461,-20.817694183354,1,0
A,4.4164853135201,200.07085140146,1,1
D,-20.893740545443,237.14242386173,1,1
C,5.6473763834906,-50.179647550536,0,0
C,25.689571065684,52.204516308943,1,1
D,13.628932056776,306.69918934801,1,1
A,-28.551081300504,42.269317267122,1,1
D,-11.843693419287,419.7880481448,1,0
B,8.7957975681852,9.9489207879329,0,0
B,7.9408201165222,8.6007734095318,0,1
C,22.047278600301,-68.155277005935,1,1
C,-14.798375270701,15.02406112292,0,0
C,-2.3780642181533,-65.987599172158,1,1
B,9.4027357815778,9.5171450245818,0,1
B,17.490320802429,11.982380411287,0,1
D,3.8287037545017,383.06704147536,1,0
C,38.634702078828,53.554961889309,1,1
D,2.6413542333252,200.8911389736,1,0
B,14.980173557522,11.538092432011,0,1
D,13.059654792333,295.2037832086,1,1
A,12.02689392214,273.47699351119,1,0
C,-7.1093565417032,151.30719930134,1,1
A,-22.840752482806,99.444232776502,1,0
D,13.17401621266,186.61391374637,1,1
B,3.8433352354184,8.3595155718295,0,0
B,15.412963375176,12.095507873031,0,1
B,23.5269484406,12.381199906975,0,1
A,-2.1854992537692,254.06442992392,1,1
B,0.13619420683766,7.7236865503552,0,0
C,61.680505107939,61.395230346543,1,0
B,12.584137914974,11.138825026699,0,1
C,19.244194917029,-3.505486636658,1,1
A,-2.7669472418572,206.02120478732,1,0
B,17.073817611241,11.1433631619,0,1
A,5.3518172201476,360.18463799552,1,0
D,-6.3028434479157,394.52615462408,1,0
D,15.507080620857,469.82176403646,1,0
B,14.49965401669,10.898416544477,0,0
B,10.320676033534,10.310466351426,0,1
D,-20.11856714921,418.39940139437,1,1
A,-55.610727286716,76.535762064408,1,1
B,34.786184528277,14.904503579087,0,0
D,-22.454627786043,304.55075065864,0,0
D,5.9253232720892,375.22611350204,1,0
D,-14.38850426692,299.57404260364,1,1
C,2.0427721999785,187.92204328856,1,0
A,-9.1398002720158,297.20316840252,1,1
C,-35.042925701962,-13.083313936406,0,0
B,14.339732735576,10.658702410888,0,1
D,20.141338461145,271.00816631876,1,1
B,39.510095100622,16.144130992935,1,1
B,19.045711593258,12.290503042025,0,0
A,4.0111383982055004,180.78684320058,1,1
C,-25.89135033446,47.448018668428,1,1
D,-22.230609212178,508.72511456801,1,0
C,38.264451107599,76.856374996647,1,1
A,-24.427977680428,107.95515389366,1,1
B,6.3037512331753,9.8675903011091,0,0
C,4.355105989778,52.520932315626,1,0
C,-38.024281460337,4.3743441707335,1,1
A,-22.968982275561,48.187730372505,1,0
B,3.8800991121121,9.1034838348084,0,1
C,-14.579833131088,-36.134691472694,0,1
D,-1.7021523060753,356.59029101096,1,0
D,-8.3583369005277,337.77161722014,1,1
D,8.2931501820186,163.40228609573,1,0
D,-19.908095638225,211.18254029387,1,0
C,-12.184948723849,-208.37347937532,0,0
D,-21.283295292074,364.5722331263,0,1
B,32.95346039578,14.192859039534,0,1
B,15.859676189655,11.614461029231,0,1
D,-5.5871328374311,139.39704191144,0,0
A,-4.5715801178345,336.29868067908,1,1
D,7.5759753610827,330.05651263662,1,1
B,36.388518857019,15.868489645426,0,0
A,-29.319075611103,38.877226097918,1,0
A,-0.61941734963069,312.87727530761,1,1
C,-12.27243717074,231.80521782711,0,0
A,-7.539370222734,189.77900266916,1,0
B,17.478035480472,12.543435678756,0,1
C,-26.669986061598,162.14590037016,1,1
B,33.162693031674,14.838585625701,0,0
C,2.8449002666608,78.268569312649,1,0
C,-15.78968424899,69.93647303569,1,1
A,-29.639842878859,180.68576155076,1,0
A,8.8905270015311,290.67520490926,1,0
A,-27.854643409073,131.94612155107,1,1
A,19.725375949743,293.70251008994,1,1
A,-38.21815195783,66.362485667859,1,1
B,36.213960753853,14.852900782763,0,1
C,32.874371496436,58.210211401437,1,0
B,33.211186484066,14.379243990883,0,1
A,-10.780668708394,222.29630343304,1,0
C,37.903110705737,42.045955134111,1,1
D,-31.457497359001,372.5763555996,1,1
A,-24.356065163089,144.83276489928,0,0
B,14.850759639801,11.077802404325,0,1
D,10.90576664028,317.17694368687,1,1
A,25.118387227002,329.24229170207,1,1
C,-6.1889414830082,-53.18918683575,0,0
A,-19.499750606483,176.12918513926,1,0
C,-68.573943027097,88.76621055499,1,1
C,10.43973736532,221.14352914232,0,1
A,-35.16517210061,118.47631375048,1,0
A,-30.426555710112,218.22224934316,1,1
A,-25.988975893235,181.45361011962,1,1
A,-38.499598262133,46.346023064268,1,1
C,2.7649412629031,-24.529149733265,1,1
C,-32.003342685757,206.84082237065,1,0
A,-8.4156826932056,38.431526913509,1,0
C,39.163753559889,69.471376502175,0,0
C,-39.592084295858,65.4497592889,1,0
D,7.0206557088628,316.4252227123,1,1
D,36.44180243576,181.84631697594,1,0
A,-22.503944192782,87.248589116264,1,0
B,5.8643296611795,9.4099733549342,0,1
A,6.0813513636037,243.32198261019,1,0
B,12.032500742018,10.89816226248,0,1
B,32.832567461223,14.6442802478,0,0
B,6.862735177792,8.3141434631803,0,0
D,-9.0158979869522,362.89781868639,1,0
B,31.759652219601,14.214463488754,0,1
D,10.13461859903,136.10606734134,1,1
A,-24.240895866063,161.18855888126,1,0
C,-13.459085141057,-53.207210442148,1,1
C,12.220921908142,-66.042771094033,1,1
A,-13.319502378963,246.47773057571,1,1
B,20.393946180304,12.662091648776,0,1
B,9.1742879865571,10.385473103816,0,0
C,11.790799856088,-83.325390848483,0,1
C,23.472179623541,105.99263840308,1,0
C,21.370491486681,62.883981985917,0,1
A,-36.141928898237,41.982264410696,1,0
B,7.6548401227476,9.2481415748412,0,0
C,14.967961770002,-23.433005414173,1,1
B,22.716072577385,12.737774841929,0,0
D,8.2637895002327,168.55399880631,1,0
C,-45.758426220975,109.25726428733,1,1
B,47.916664749345,17.200436166383,0,0
C,-25.228900443869,-25.619810331901,1,1
C,-8.3063038104709,-13.222102187677,1,1
C,-30.064139957104,98.206589590389,1,1
B,15.014699071187,10.293068659408,0,0
A,-38.876422882488,36.09561329712,1,0
D,6.7340960077635,162.88328391308,1,0
D,-0.75788822898542,405.66427366932,1,1
A,-5.7031095315251,247.49612652394,1,1
A,-19.151373912651,141.61706741555,1,0
D,23.546380075415,187.30192988194,1,0
D,9.2187826667068,299.23766309965,1,1
D,-16.861621992132,417.14965267021,1,0
B,13.309720202028,11.186574756219,0,1
A,-19.929433719688,9.2192577012904,1,1
D,16.197962827141,182.82643694236,1,0
C,1.2080792822913,35.075018791517,1,0
D,7.8984679979731,179.77908167652,1,1
C,3.3904883961149,67.498032907256,1,0
A,-23.663456713158,242.01188409376,1,1
B,23.445548061023,13.094011143383,0,1
A,-15.444532391822,0.40783968260877,1,0
D,-4.0408039493676,312.09881145372,1,1
C,10.361392569896,109.98277980042,0,1
A,3.5384027764846,160.68307410073,1,0
A,-45.45486718484,19.346617215009,1,0
D,-16.154816367736,263.52118471848,1,0
A,-28.557330429814,228.61080282117,1,0
A,-47.287223420705,72.099892155314,1,0
D,0.8289096349985,168.4307103499,1,1
A,3.3525521142187,236.93746888448,1,1
A,-18.133641651894,134.69516792367,1,1
C,-6.891408761447,56.674786298384,0,0
A,-32.63719486242,182.92321642578,1,1
C,-50.796096701546,76.937065483042,1,1
B,28.171857854431,13.889041970537,0,1
B,15.374058223969,11.171762314596,0,0
B,12.930578811527,10.773074642317,0,1
B,47.861575879092,17.075015796323,0,0
A,-25.976095935319,155.51458934299,1,0
C,-16.175182179164,88.217925076009,0,1
C,3.9863998694282,52.690117911291,0,0
D,2.1883450672908,306.35151931986,1,0
B,35.569070653789,15.03964294721,0,1
C,-44.382845532327,131.46919845812,1,1
B,19.990700589489,12.208367208352,0,0
A,-15.205381993766,82.350340289227,1,1
A,-10.539720549965,115.71419228647,1,0
B,1.0098985065752,7.7925817203417,0,1
A,-45.363931612747,40.866388202117,1,1
D,17.934326410263,275.00986799039,1,0
D,2.816911183678,363.31195250913,1,0
C,-8.0682941163277,-0.6072632631321,1,0
B,12.579920759695,9.4564741095999,0,0
B,23.529409702648,12.963314722704,0,1
A,0.78734298599294,343.36691413278,1,0
B,31.324381559773,14.587867172206,0,0
A,-11.34926190942,388.1457111771,1,1
A,-28.490201343079,86.371222054759,1,1
A,-14.377089158807,89.219753851751,1,1
B,4.8391768880371,8.7754511351404,0,0
C,-13.406985579248,-44.991715146225,1,0
C,14.458464270205,42.850408477639,1,0
B,35.270497211847,15.599381157054,0,0
A,-22.485071058145,93.089011117857,1,1
A,-10.420154802231,269.7930988254,1,0
D,8.6058923036819,424.27752548702,1,1
A,2.1506353277483,200.05997268998,1,0
A,-0.26277937379795,293.63638453169,1,0
D,14.817609696098,333.41030674354,1,0
B,6.567327427942,8.3888671510706,0,0
C,-15.666513862864,-28.228016782193,1,0
B,4.1908943300093,8.6256387602267,0,1
B,6.0128959221825,8.728940681292,0,1
C,-8.1297053485781,159.80344225317,1,0
A,7.2249378027511,77.179826504169,1,0
A,-32.566663319509,205.90347531806,1,0
D,-13.742428153633,330.16817968859,1,1
A,-32.082674056796,281.22455334394,1,1
B,22.899555857712,12.407787012546,0,0
A,-25.470702488195,124.92387609367,1,1
A,-11.266378703186,243.36471715912,1,1
C,-10.417839909167,31.115370944196,1,1
D,-2.4590675181053,284.70161971157,1,0
D,6.2908526082946,287.2249945813,1,1
A,-26.7125898887,170.42465400017,1,0
D,-7.2078480837903,143.78345152586,1,1
A,8.9982521696939,465.40245254589,1,0
C,-21.331334611555,157.50974646328,1,1
D,7.061185675236,213.35582238918,1,0
C,-0.58540337979115,29.033681890943,1,1
A,-9.1913676877466,280.86973934056,1,1
B,35.571225048774,15.009989379902,0,0
C,22.496615705777,-66.247109646558,1,0
D,23.612428295246,381.60757406364,1,1
C,29.917138763199,111.49721768894,1,0
A,-26.530187506476,2.0988562731533,1,1
A,-18.637840901333,135.6272411843,1,1
D,-3.5163865562139,282.24698807823,1,1
B,8.8324882131221,9.2168451762331,0,0
A,-16.868075634757,145.62925348134,1,1
A,-69.50656826678,75.442731241436,1,1
D,0.92013084838173,287.53432881484,1,1
D,-0.46966108794774,221.63929366257,1,1
A,-1.2635744750796,263.33441554538,1,0
C,4.3806216737165,8.2377569662583,0,0
B,15.983940362923,11.417600344843,0,1
D,-4.2936925395828,355.77441723308,1,1
A,-42.78749238131,130.51708000317,1,1
C,34.479496488571,-60.956767661477,1,1
B,17.770435982277,12.216418579784,0,1
C,14.517681978418,207.21696493226,1,1
D,15.042797340566,302.30755409007,1,1
B,27.117188458851,13.789865339832,0,0
B,33.136141144268,15.237103990195,0,1
C,-6.8539571267804,122.61137040128,1,1
C,24.85372427006,-100.68994067967,1,0
D,10.302478451423,316.74493173591,1,1
C,-19.484096951077,-10.423479386337,0,1
D,14.117845041732,245.25093502284,1,0
C,6.8676917668747,52.083040832115,1,0
C,-31.441999421661,167.83408408092,1,1
D,1.3973647055204,411.2988839691,0,0
A,2.668153343102,46.328860005517,1,1
C,-11.925513112883,-67.184683584694,0,0
A,3.145280897685,230.96963757741,1,0
B,10.98570362245,9.7030527298945,0,1
D,4.9002812965309,256.14203560592,1,1
D,-0.22223074837692,288.94745460988,1,1
C,29.946591617049,120.71268581492,1,0
D,-7.9917577700651,473.96035206456,1,1
C,-46.680194614306,-87.095310964666,1,1
B,27.077879337165,14.231256453687,0,1
C,6.3833301460293,66.896699061569,1,1
B,17.078069068993,10.745697312747,0,1
D,5.1320768087786,419.51643665904,1,1
C,8.0443866858465,173.26850618528,1,1
D,21.281244525351,286.51493436634,1,1
B,17.826903537766,12.126183301962,0,1
D,-23.318958718944,513.49146139924,1,0
C,-4.7763057638781,129.41439114623,1,1
B,2.1458788002589,7.84357855957,0,1
C,-15.235050656942,-13.78474633246,0,0
D,28.640515757092,378.37752664992,1,0
B,10.141916980102,9.859498507565,0,0
A,-1.149100359133,322.56767664038,1,0
A,7.4402571606637,241.10663367301,1,0
B,12.631459323983,10.385790977329,0,1
B,25.865430128698,14.006147633281,0,1
C,10.609926407044,28.656151193034,1,0
D,-15.788807124732,419.8962046266,1,0
B,33.362875752786,15.028296589373,0,0
C,0.63138313248354,-21.321662770734,1,0
D,14.740900902423,335.72163219038,1,0
C,-3.0278011141474,161.99467798462,1,1
D,-6.7798752080555,340.1492505973,1,1
D,2.8127586174816,182.7353530823,1,0
C,5.8162896585727,63.758337421696,1,0
B,13.83572547037,10.787029662593,0,1
D,18.666990831805,123.92900432317,1,0
B,12.484806990477,10.419109169236,0,1
A,11.421802658318,338.22689529705,1,0
C,20.948590791295,-3.3311674046941,1,1
B,20.668403538255,12.337347263268,0,1
B,6.5638816834259,9.0538768106336,0,0
D,-25.78884216947,453.19440696491,1,0
B,9.8063256711728,10.447153056952,0,1
C,52.526291442814,146.88277683215,1,1
B,16.724282779137,12.002805023538,0,0
C,-13.340691574077,143.27031197784,1,1
B,7.2184941951272,9.5227222441906,0,0
A,-3.456626817331,173.18640776872,1,1
D,18.639995999932,124.43847292915,1,1
B,1.5755569346135,7.3138664348523,0,0
C,7.115455811897,13.851057312848,1,0
D,25.491582046957,489.39511490166,1,1
D,26.302766446165,413.74997393542,1,1
A,4.0251451186021,347.19594490165,1,1
A,-15.095063650559,200.21795136212,1,1
C,32.869539769306,-75.319613005183,0,0
B,26.636601378506,13.271348707172,0,1
D,7.3534191499247,300.6168278277,1,1
C,4.0421287734258,59.964713423031,1,0
A,3.6928164682783,221.53639071273,1,0
B,29.824600375176,14.761190264638,0,1
C,0.3923176277393,-84.016691153411,0,0
A,-15.358266013376,153.26184159576,1,0
B,28.007654419172,13.758747405408,0,1
A,-5.3226195593936,184.23143171483,1,1
C,16.22795276401,146.70433132895,0,1
A,29.344161865927,460.2612904535,1,0
A,-9.869787666886,37.969809423187,1,1
A,-0.63386040396703,300.75579263584,1,0
C,-5.2536355030041,21.925270415342,1,1
A,-32.965799204058,15.101691380191,1,1
B,25.605813924971,13.494969201043,0,0
C,13.564857258724,215.68197197685,0,0
A,-4.8657206398741,231.62174350238,1,0
B,4.187197590334,8.9230942810185,0,0
A,-0.80459173340564,115.5673667563,1,1
B,19.114167967399,11.824769146699,0,1
B,4.0715961475259,8.3461696515524,0,1
C,-16.772220062917,66.472218157478,1,1
D,1.3233997818657,241.15004508856,1,0
C,-17.7118390746,-37.052684865916,1,1
A,-18.824997035239,80.037301790918,1,0
A,-33.452681716742,227.24391791888,1,0
A,-43.71649298664,51.265383638565,1,0
A,-4.9134989128977,240.77378567391,1,0
A,-38.706044795786,34.965656430444,1,0
B,14.685384809359,10.905928014114,0,1
B,21.943945507493,12.75925135094,0,1
D,26.667459566457,282.87245568627,1,1
A,-23.486706478748,91.273070896172,1,0
B,13.688311158534,11.149401769419,0,0
B,44.845588913581,16.754537375419,0,1
A,-26.802260327061,81.243724232653,1,1
A,-52.205464216976,122.37245058006,1,1
B,12.464670693718,10.420869220349,0,1
C,19.538622484793,155.28783389753,1,1
C,9.1168738520317,-3.1214267621382,1,0
B,40.094768058553,15.90598023075,0,1
D,-31.745413013615,466.73722970101,1,1
B,39.829996067951,15.843666960931,0,1
D,10.360400598664,245.26714404033,1,1
C,8.4231423178795,84.574331695947,1,1
D,5.619555370705,325.48264767904,1,0
C,-44.269730086564,-96.224978297588,0,1
C,-18.234650883002,56.620866306881,1,1
B,30.064993939393,13.505798698446,0,0
C,12.733172275002,202.47208093082,1,1
D,12.853139293777,149.55465627022,1,0
A,-29.185725886461,35.875236050633,1,1
C,22.707225694185,116.84661535073,1,1
B,4.1952205766901,8.4581246764514,0,1
D,-4.4160904541687,386.03473401397,1,1
D,2.3124844805861,413.91986142235,1,1
B,10.078517486378,10.44942162032,0,0
A,-1.4173884668468,200.97295912773,1,1
B,26.681938854364,14.001366968371,0,1
A,-11.142942647982,336.2936952814,1,0
D,-6.5319652597103,246.83513782166,1,1
A,6.5885020473919,295.85729590936,1,1
D,4.34158949663,337.72850870654,1,0
C,-27.314252320823,115.05837840403,1,0
D,-11.797961152065,123.35266943479,1,0
C,47.589757135878,111.14394887543,1,1
C,-19.887690965034,-5.5114729481337,1,0
D,5.8266355636654,159.40254979413,1,0
C,0.067806925656193,95.261532891664,1,1
C,-17.095952964898,38.606176204796,1,1
C,-7.5499904884724,93.909285760908,0,0
C,35.451798755886,-16.584806723327,1,1
A,-22.936218975082,231.09697292191,1,1
C,-76.890544441478,74.859721654961,1,0
D,-14.926729917958,263.47827315725,1,1
B,18.560253032744,11.54111739584,0,0
D,12.813471799164,133.86179488472,1,0
A,-15.333559498812,318.06089553705,1,0
B,14.567694894302,10.661799817866,0,0
C,-12.087257060729,47.956935558914,1,0
B,12.187463341368,10.480157458616,0,0
D,5.7239066007193,235.33635652081,1,0
B,10.157196533939,9.5979131371742,0,0
B,49.590593696381,17.513583180588,0,0
C,-23.887304894574,-27.580602166513,1,1
A,-6.3929787196186,185.37920899288,1,0
B,15.768825501096,10.961156502592,0,1
B,36.806655863676,15.133441873312,0,1
B,24.035752970742,13.092032601563,0,0
D,-7.0178144914181,260.97447583358,1,0
C,-1.6361278889869,71.429627362839,1,0
D,6.2437456567975,253.11805644357,1,1
A,12.522726121136,204.98085915855,1,1
D,3.4193334958606,352.51539276238,1,1
A,-13.418073980798,123.48269441607,1,0
D,13.038967771008,329.88196648792,1,1
B,27.598592733777,13.920424182016,0,0
A,-15.546202473131,82.097556417853,1,0
B,2.9587341486284,7.4029571891677,0,1
A,-4.7325750592782,340.30975880395,1,1
A,16.691432202091,349.53971208564,1,0
C,-32.606977049544,46.333396443787,0,0
C,-34.136271413479,54.01260188176,1,1
B,8.1550741382665,10.154608090813,0,1
B,15.974377967405,10.805488762848,0,0
A,-24.545869791203,121.31586718248,1,0
B,21.243421147225,12.431839976011,0,1
B,4.1130046565612,8.3689840698021,0,0
B,8.2147063502179,8.5500704834596,0,1
B,18.730525226672,12.388852999299,0,0
A,18.303560675263,374.73711158183,0,1
D,9.8844675309418,468.27859996878,1,1
A,-40.226572380507,76.761664055643,1,0
A,-27.637283040973,273.47616603108,1,1
C,2.5979674037536,176.98727950919,1,1
D,-15.300691784034,282.06054618166,1,0
C,-34.623921396036,182.05733702288,1,1
D,17.402595638951,407.89136005607,1,1
B,11.485938234015,9.9810220595481,0,1
C,-6.4128270770483,-24.793870352113,0,0
A,2.5799292999226,206.07193000711,1,1
B,18.999931411352,11.488779313146,0,1
B,18.544779570096,12.725449905186,0,0
C,25.775581912499,9.1335239736985,1,1
A,16.565529060813,386.90060283192,1,1
B,25.261268441221,13.060519210279,0,1
C,13.768151696663,-147.58135987193,1,1
C,3.9498467216966,-47.681987320391,1,1
B,10.308889438542,10.137994004752,0,1
C,-30.558507187552,222.66429103709,1,1
D,10.335929442354,378.00675837836,1,1
B,8.6642010028773,9.7263858826911,0,1
A,-49.697801922307,158.49973180913,1,0
C,-40.131831787588,154.23885529267,1,1
A,1.1411868502112,45.385402872407,1,0
A,11.930502953441,278.00023519853,1,0
B,1.6948007651115,7.4967755720625,0,0
A,-17.806610058437,27.921141390186,1,1
C,-58.882005984374,147.13008982135,1,1
B,24.425706122269,13.127139948755,0,0
A,-6.1232431214877,179.45338194978,1,0
C,3.2860446308209,104.13214507379,1,1
B,35.548494899435,15.297764090575,0,1
B,26.262215209316,13.591854898567,0,1
A,8.2640783354938,270.54090084114,0,0
D,14.627229279199,211.15266419209,1,1
B,3.4835219846496,8.5712375172225,0,1
A,-9.3814824728209,147.86703039839,1,0
D,-9.1382549680482,394.69227626347,1,0
B,16.951007038798,10.948134179563,0,1
D,-0.77113279084261,356.42005828834,1,0
D,1.3822995570406,368.8953510215,1,1
B,24.953739013967,13.600630857424,0,0
C,1.8465220811062,4.4243087421284,0,0
A,-14.181061315435,213.52775238432,1,1
B,4.5366950354244,8.9334660537541,0,1
B,15.264577589587,12.000677395604,0,1
B,15.185240707912,10.868624988467,0,0
B,16.285086080565,11.513380035425,0,0
B,3.2035715371387,8.1797663040174,0,1
B,38.371972601103,15.485737407345,0,0
C,32.422506030846,-36.365775467533,1,0
A,17.802975448222,188.75645328767,1,1
C,-26.481126076766,188.73106234788,1,1
A,23.023835579876,356.8846045704,1,0
B,3.9518279302641,9.2441700979438,0,0
B,15.527140572447,11.828893350073,0,1
D,-6.1221928857836,299.9813324646,1,0
C,3.6890905777407,-70.469258957295,1,0
A,-8.5763731298858,155.41232941039,1,1
C,24.497123807435,84.890399015458,1,1
C,-57.803912410421,80.876810501272,0,1
D,0.36404352558965,343.97150163957,1,0
B,7.9604135714287,9.4690323921864,0,0
A,-7.6288733932324,99.562891805807,1,1
C,43.474094801803,-128.65419888667,1,1
D,10.46678260363,92.877640140186,1,1
C,-1.9215807965591,140.94726253019,1,1
A,-12.931420763457,51.85558112704,1,1
D,-2.6147055572899,322.31640621802,1,0
A,11.538801506878,326.09641431928,1,0
C,-5.3694708791419,-72.972497623401,1,1
A,-4.7032744920362,330.8827123241,1,0
B,4.6025583988999,8.8094732783422,0,1
A,-1.8720156628974,319.70090800463,1,1
B,30.399515210837,14.504484957583,0,1
D,-26.155519543288,430.19851001315,1,1
C,-77.164229768405,30.234705472009,1,0
A,-30.891946546683,34.576333433192,1,1
A,29.73108151496,428.4254578964,1,0
C,-36.471078017946,148.57937154434,1,1
A,-1.8360527496953,129.59634039579,1,1
C,25.770652779737,211.29992203056,0,1
A,6.2668034873283,449.15787217913,1,1
B,5.5405848052076,8.6607916157014,0,0
D,-10.526936417691,433.85472904651,1,1
C,13.032885701877,-115.54661078497,1,1
D,43.547210027253,326.65483565054,0,0
C,-30.837964740041,79.32075469397,1,1
D,-25.174069618422,520.21913774741,1,0
A,-26.31975532338,98.451075951779,1,1
B,30.472582130913,14.745321533756,0,1
B,34.549252451653,15.000848898113,0,0
D,1.8480576723106,229.98717513447,1,0
D,-9.67092597283,371.97553010144,1,1
D,10.645284567329,299.1627775003,1,1
C,35.111375122849,113.05968006424,0,0
C,-26.063096434839,-58.669085095482,1,1
A,-10.60188568784,170.25000897527,0,0
D,16.600788488333,200.33971042062,1,1
A,-10.215881019931,100.23268681775,1,1
A,20.484323420787,451.32041418334,1,0
C,-6.7350926556322,115.83057143205,1,1
A,4.8775147958088,247.60358833876,1,1
B,22.877627241834,12.87123878913,1,0
D,18.771022580923,197.63648145396,1,1
B,1.396998033578,8.5354240285959,0,1
B,15.309828921831,10.560058624408,0,1
B,3.8405667635801,9.0566020339894,0,0
C,-9.2288180800289,111.28501919298,0,1
A,0.15183049447454,201.84350796409,1,0
C,2.5784642657165,51.021512003626,1,1
A,2.5284158636482,197.81645195736,1,1
A,4.424064772401,167.13261656143,1,0
C,-0.95181728757537,2.3650972523564,1,0
C,9.4203929586431,-1.3037152720167,1,1
D,21.377548427962,364.32217412504,1,1
C,39.581796611464,116.92232307509,0,1
A,-4.1305201203239,348.17593110454,1,1
D,-12.05924877434,258.27093713697,1,1
D,27.945045982462,284.72088065824,1,1
D,-1.6734226735651,220.72654647461,1,0
